Barcode,Pathologist Annotation
AAACAGCTTTCAGAAG-1,exclude
AAACAGGGTCTATATT-1,tumor
AAACCGGGTAGGTACC-1,submucosa
AAACCGTTCGTCCAGG-1,tumor
AAACCTCATGAAGTTG-1,tumor&stroma_IC med to high
AAACGAAGAACATACC-1,epithelium&submucosa
AAACGAGACGGTTGAT-1,epithelium&submucosa
AAACTAACGTGGCGAC-1,exclude
AAACTCGTGATATAAG-1,tumor&stroma_IC med to high
AAACTGCTGGCTCCAA-1,stroma_fibroblastic_IC high
AAACTTGCAAACGTAT-1,tumor&stroma_IC med to high
AAAGACTGGGCGCTTT-1,tumor
AAAGGGATGTAGCAAG-1,non neo epithelium
AAAGGGCAGCTTGAAT-1,tumor&stroma_IC med to high
AAAGGTAAGCTGTACC-1,tumor&stroma_IC med to high
AAAGTAGCATTGCTCA-1,tumor
AAAGTCGACCCTCAGT-1,stroma_fibroblastic_IC high
AAAGTGTGATTTATCT-1,tumor&stroma_IC med to high
AAAGTTGACTCCCGTA-1,tumor
AAATAACCATACGGGA-1,tumor
AAATAAGGTAGTGCCC-1,stroma_fibroblastic_IC high
AAATACCTATAAGCAT-1,stroma_fibroblastic_IC high
AAATAGCTTAGACTTT-1,tumor&stroma_IC med to high
AAATAGGGTGCTATTG-1,tumor&stroma_IC med to high
AAATCGTGTACCACAA-1,tumor&stroma_IC med to high
AAATGATTCGATCAGC-1,tumor
AAATGGCCCGTGCCCT-1,tumor&stroma_IC med to high
AAATGGTCAATGTGCC-1,epithelium&submucosa
AAATTAACGGGTAGCT-1,non neo epithelium
AAATTAATAAGCGCGA-1,tumor&stroma_IC med to high
AAATTACACGACTCTG-1,epithelium&submucosa
AAATTACCTATCGATG-1,epithelium&submucosa
AAATTCCAGGTCCAAA-1,tumor
AAATTTACCGAAATCC-1,tumor
AAATTTGCGGGTGTGG-1,non neo epithelium
AACAACTGGTAGTTGC-1,epithelium&submucosa
AACAATTACTCTACGC-1,stroma_fibroblastic_IC high
AACACGACTGTACTGA-1,epithelium&submucosa
AACACGAGACGCGGCC-1,stroma_fibroblastic_IC high
AACAGGAAATCGAATA-1,non neo epithelium
AACAGGATGGGCCGCG-1,epithelium&submucosa
AACATATCAACTGGTG-1,stroma_fibroblastic_IC high
AACCAAGACTTCTCTG-1,stroma_fibroblastic_IC high
AACCAGTATCACTCTT-1,tumor
AACCCAGAGACGGAGA-1,epithelium&submucosa
AACCCTACTGTCAATA-1,stroma_fibroblastic_IC high
AACCCTGGTGGAACCA-1,epithelium&submucosa
AACCGAGCTTGGTCAT-1,epithelium&submucosa
AACCGCTAAGGGATGC-1,stroma_fibroblastic_IC high
AACCTTTAAATACGGT-1,tumor
AACGATAATGCCGTAG-1,tumor
AACGATAGAAGGGCCG-1,epithelium&submucosa
AACGATATGTCAACTG-1,non neo epithelium
AACGCATGATCTGGGT-1,tumor
AACGCGGTCTCCAGCC-1,non neo epithelium
AACGGCCATCTCCGGT-1,epithelium&submucosa
AACGTACTGTGGGTAC-1,epithelium&submucosa
AACGTCAGACTAGTGG-1,non neo epithelium
AACGTGCGAAAGTCTC-1,epithelium&submucosa
AACGTTATCAGCACCT-1,tumor&stroma_IC med to high
AACTAGGCTTGGGTGT-1,exclude
AACTCAAGTTAATTGC-1,non neo epithelium
AACTCCTAATCCCATG-1,tumor&stroma_IC med to high
AACTCTCAATAGAGCG-1,non neo epithelium
AACTCTCAGTGTGCTC-1,tumor
AACTGAGGTCAGCGTC-1,exclude
AACTGATATTAGGCCT-1,epithelium&submucosa
AACTGGGTCCCGACGT-1,epithelium&submucosa
AACTGGGTTCGAGCCG-1,tumor
AACTTCTGCGTCTATC-1,tumor
AACTTGCCCGTATGCA-1,stroma_fibroblastic_IC high
AACTTTACGGGAGCTT-1,tumor
AAGACTGCAAGCTACT-1,epithelium&submucosa
AAGAGATGAATCGGTA-1,stroma_fibroblastic_IC high
AAGAGCTCTTTATCGG-1,epithelium&submucosa
AAGAGGATGTACGCGA-1,epithelium&submucosa
AAGAGGCATGGATCGC-1,epithelium&submucosa
AAGATGGCACCGGACC-1,stroma_fibroblastic_IC high
AAGATTGGCGGAACGT-1,non neo epithelium
AAGCATACTCTCCTGA-1,tumor&stroma_IC med to high
AAGCGGCGTCATGGGT-1,tumor
AAGCTAGATCGAGTAA-1,tumor&stroma_IC med to high
AAGCTCGTGCCAAGTC-1,epithelium&submucosa
AAGGAGCGGTTGGTGC-1,epithelium&submucosa
AAGGATCGATCGCTTG-1,tumor
AAGGATGAGGGACCTC-1,non neo epithelium
AAGGCGCGTAAAGCTT-1,epithelium&submucosa
AAGGCTGTGCTCATCG-1,epithelium&submucosa
AAGGGACAGATTCTGT-1,epithelium&submucosa
AAGGTATCCTAATATA-1,epithelium&submucosa
AAGGTGATAAACCAGC-1,stroma_fibroblastic_IC high
AAGTAGAAGACCGGGT-1,non neo epithelium
AAGTAGTGACGCGAGG-1,epithelium&submucosa
AAGTCTTCTGTGGCCT-1,tumor&stroma_IC med to high
AAGTGACGACCGAATT-1,epithelium&submucosa
AAGTGCAAAGGTAGAC-1,tumor&stroma_IC med to high
AAGTGCGTTAGAATCT-1,tumor
AAGTGTTTGGAGACGG-1,stroma_fibroblastic_IC high
AAGTTCGGCCAACAGG-1,epithelium&submucosa
AAGTTTACTAATGGCA-1,non neo epithelium
AATAACAACGCTCGGC-1,epithelium&submucosa
AATAACACTAGAACAA-1,tumor
AATAAGTCCTCGAGAC-1,stroma_fibroblastic_IC high
AATACAATGTTTCAGG-1,stroma_fibroblastic_IC high
AATAGAACAGAGTGGC-1,stroma_fibroblastic_IC high
AATAGAATCTGTTTCA-1,stroma_fibroblastic_IC high
AATAGCTACCGCGTGC-1,tumor
AATAGTCGCGAGTCGG-1,tumor
AATATCGAGGGTTCTC-1,stroma_fibroblastic_IC high
AATATTGGAGTATTGA-1,stroma_fibroblastic_IC high
AATCGCCTCAGCGCCA-1,epithelium&submucosa
AATCGGGACACTACGA-1,epithelium&submucosa
AATCTAGGTTTACTTG-1,exclude
AATCTATGCCGGAGCC-1,tumor&stroma_IC med to high
AATCTCTACTGTGGTT-1,tumor
AATCTGCGTTGGGACG-1,epithelium&submucosa
AATCTGGCTTTCTAGT-1,tumor
AATCTGGGTAGACCCT-1,tumor
AATGACAGCAATGTCT-1,stroma_fibroblastic_IC high
AATGACGTAGGATGTC-1,tumor&stroma_IC med to high
AATGACTGTCAGCCGG-1,epithelium&submucosa
AATGATGATACGCTAT-1,epithelium&submucosa
AATGATGCGACTCCTG-1,stroma_fibroblastic_IC high
AATGCAACCGGGTACC-1,epithelium&submucosa
AATGCACCAAGCAATG-1,exclude
AATGGTCCACCGTTCA-1,stroma_fibroblastic_IC high
AATGGTTCTCACAAGC-1,non neo epithelium
AATTAAAGGTCGGCGT-1,epithelium&submucosa
AATTAACGGATTTCCA-1,exclude
AATTAGCGCTGCAGCG-1,tumor&stroma_IC med to high
AATTCATAAGGGATCT-1,epithelium&submucosa
AATTCTAGAGTTAGGC-1,tumor
AATTGAACGCTCTGGT-1,epithelium&submucosa
AATTTGGGACATAGTA-1,tumor&stroma_IC med to high
AATTTGGTTCCAAAGA-1,epithelium&submucosa
ACAAATCGCACCGAAT-1,stroma_fibroblastic_IC high
ACAAATGGTAGTGTTT-1,epithelium&submucosa
ACAAATTCAGATCTGA-1,stroma_fibroblastic_IC high
ACAACAGCATGAGCTA-1,epithelium&submucosa
ACAACGGTCCCTGCGA-1,stroma_fibroblastic_IC high
ACAAGCAGTGCCTAGC-1,stroma_fibroblastic_IC high
ACAAGGAAATCCGCCC-1,tumor
ACAAGGACAAGAGGTT-1,non neo epithelium
ACAAGGCCTACCAGCC-1,tumor
ACAAGGGCAGGCTCTG-1,stroma_fibroblastic_IC high
ACAATAGTCGTACGTT-1,stroma_fibroblastic_IC high
ACAATCCATTTAAACC-1,epithelium&submucosa
ACAATCGATCTTTATA-1,epithelium&submucosa
ACAATTTAGGAGGCTC-1,tumor&stroma_IC med to high
ACAATTTGAGCAGTGG-1,epithelium&submucosa
ACACAAAGACGGGTGG-1,epithelium&submucosa
ACACACCAGGACCAGT-1,epithelium&submucosa
ACACACTTTCTACACG-1,epithelium&submucosa
ACACCACATAATTAGC-1,tumor&stroma_IC med to high
ACACCCAGCATGCAGC-1,epithelium&submucosa
ACACCCGAGAAATCCG-1,epithelium&submucosa
ACACCGAGCGCTCTTT-1,exclude
ACACCTTAAGTAGGGC-1,epithelium&submucosa
ACACGAGACTCCTTCT-1,epithelium&submucosa
ACACGGCACTATGCAT-1,epithelium&submucosa
ACACGGGAACTTAGGG-1,epithelium&submucosa
ACACTCCAATGTCACT-1,tumor&stroma_IC med to high
ACACTGATCAAGGTGT-1,stroma_fibroblastic_IC high
ACAGAACTGAGAACAA-1,tumor
ACAGCGCACCCGCAGC-1,epithelium&submucosa
ACAGGTGGAGGTGAGG-1,tumor
ACAGTAATACAACTTG-1,tumor
ACATAATAAGGCGGTG-1,submucosa
ACATCAGCTGGGACGC-1,stroma_fibroblastic_IC high
ACATCCTGGTAACTGT-1,tumor
ACATCGATCGTTTACC-1,stroma_fibroblastic_IC high
ACATCGGTCAGCCGCG-1,non neo epithelium
ACATCGTATGCAATGG-1,stroma_fibroblastic_IC high
ACATCGTTAACCTAGT-1,submucosa
ACATCTCAACGCGTAA-1,tumor
ACATGGCGCCAAAGTA-1,tumor
ACATTAGTTTATATCC-1,tumor&stroma_IC med to high
ACCAAACTAGAAATCC-1,stroma_fibroblastic_IC high
ACCAACACCACACACT-1,stroma_fibroblastic_IC high
ACCAACGCTTATTTAT-1,epithelium&submucosa
ACCAAGAACGCGTGTC-1,epithelium&submucosa
ACCACAACTCAGAACA-1,stroma_fibroblastic_IC high
ACCACAAGTTTCTATC-1,non neo epithelium
ACCACCAATGTAACAA-1,stroma_fibroblastic_IC high
ACCACGTGCAGCTATA-1,stroma_fibroblastic_IC high
ACCAGACCATAACAAC-1,tumor&stroma_IC med to high
ACCAGCCCGGTCTTTG-1,stroma_fibroblastic_IC high
ACCAGTGCCCGGTCAA-1,tumor
ACCAGTGCGGGAGACG-1,stroma_fibroblastic_IC high
ACCATATCCGCAATAA-1,epithelium&submucosa
ACCATCCGCCAACTAG-1,stroma_fibroblastic_IC high
ACCATCGTATATGGTA-1,submucosa
ACCCAACGCCCGTGGC-1,epithelium&submucosa
ACCCACCTACATGCTC-1,stroma_fibroblastic_IC high
ACCCATCTTGAGGGTA-1,submucosa
ACCCGGAAACTCCCAG-1,exclude
ACCCGGATGACGCATC-1,tumor
ACCCGGTTACACTTCC-1,epithelium&submucosa
ACCCTCCCTTGCTATT-1,tumor&stroma_IC med to high
ACCCTTCATCTGCGAA-1,submucosa
ACCCTTTAGTTCTCCA-1,stroma_fibroblastic_IC high
ACCGACTGAGTCCCAC-1,epithelium&submucosa
ACCGATGGTAGCATCG-1,epithelium&submucosa
ACCGCAATAACTGCCT-1,stroma_fibroblastic_IC high
ACCGGTCTGAGTACGG-1,tumor
ACCGTTCCCGCTCTGA-1,epithelium&submucosa
ACCTAAGTACCTTTCA-1,stroma_fibroblastic_IC high
ACCTAATCGACTTCCT-1,submucosa
ACCTCCGTTATTCACC-1,tumor
ACCTGCGTGTCATGTT-1,tumor&stroma_IC med to high
ACGAAATGGGCGGCAC-1,tumor&stroma_IC med to high
ACGAGATATTTGCTTA-1,epithelium&submucosa
ACGAGGATACCACTCT-1,tumor&stroma_IC med to high
ACGAGTACGGATGCCC-1,tumor&stroma_IC med to high
ACGATACATAGAACTA-1,epithelium&submucosa
ACGATCATACATAGAG-1,epithelium&submucosa
ACGATCATCTTGTAAA-1,stroma_fibroblastic_IC high
ACGATGCATATGTTAT-1,epithelium&submucosa
ACGATGGATCCGATGC-1,non neo epithelium
ACGCAATCACTACAGC-1,tumor&stroma_IC med to high
ACGCATTCGTGAGTAC-1,epithelium&submucosa
ACGCCAGATGATTTCT-1,epithelium&submucosa
ACGCCCAGCTGTCGAT-1,tumor
ACGCCGCTAGACGACC-1,stroma_fibroblastic_IC high
ACGCGAAGTCAGACGA-1,tumor&stroma_IC med to high
ACGCGCTACACAGGGT-1,submucosa
ACGCGGGCCAAGGACA-1,non neo epithelium
ACGCGTTTCTTAAGAG-1,tumor&stroma_IC med to high
ACGCTAGTGATACACT-1,stroma_fibroblastic_IC high
ACGCTGTGAGGCGTAG-1,tumor&stroma_IC med to high
ACGCTTAGTGTCTCTC-1,tumor
ACGGAGCGCAAATTAC-1,tumor
ACGGCACTTGCTTGGG-1,tumor
ACGGCCAACATGGACT-1,stroma_fibroblastic_IC high
ACGGCGACGATGGGAA-1,stroma_fibroblastic_IC high
ACGGGAGTGTCGGCCC-1,stroma_fibroblastic_IC high
ACGGGTCATGTGACTT-1,tumor&stroma_IC med to high
ACGTAGATTGCTGATG-1,epithelium&submucosa
ACGTATTACTCCGATC-1,tumor
ACGTCTCGTTCCGGGA-1,tumor&stroma_IC med to high
ACGTGCGCCTCGTGCA-1,epithelium&submucosa
ACGTGGTCGAATGTGC-1,tumor
ACGTTAATGTCGAAGA-1,stroma_fibroblastic_IC high
ACGTTAGATTTGCCCG-1,non neo epithelium
ACGTTATTGGTCACTC-1,stroma_fibroblastic_IC high
ACGTTCGCAATCAATT-1,tumor
ACGTTTAGTTGTGATC-1,epithelium&submucosa
ACTAATACGTCAGGCG-1,tumor
ACTACCAGCTCTCTGG-1,epithelium&submucosa
ACTATCCAGGGCATGG-1,stroma_fibroblastic_IC high
ACTATTCGTCCGTGGT-1,epithelium&submucosa
ACTATTTCCGGGCCCA-1,stroma_fibroblastic_IC high
ACTCAATAAAGGCACG-1,epithelium&submucosa
ACTCCCATTCCTAAAG-1,tumor&stroma_IC med to high
ACTCCCGAATTCGTTT-1,tumor
ACTCCCTAATGCTAAA-1,exclude
ACTCCCTAGAATAGTA-1,stroma_fibroblastic_IC high
ACTCGATGTATTTCAT-1,tumor&stroma_IC med to high
ACTCGTAACCCGTCCT-1,tumor&stroma_IC med to high
ACTCGTCAGTAATCCC-1,non neo epithelium
ACTCTCTGACTTAGGT-1,submucosa
ACTCTCTTATACACGA-1,exclude
ACTCTTGTATAGTAAC-1,non neo epithelium
ACTGAATGGCGAAAGT-1,stroma_fibroblastic_IC high
ACTGATTTAGTGATTC-1,tumor&stroma_IC med to high
ACTGCCGTCGTAACTC-1,epithelium&submucosa
ACTGTACGATACACAT-1,epithelium&submucosa
ACTGTAGCACTTTGGA-1,epithelium&submucosa
ACTGTCCAGGATTATA-1,non neo epithelium
ACTGTCTTCTTTAGAA-1,submucosa
ACTGTTTAGTGTAGGC-1,epithelium&submucosa
ACTTACCGGGCGCGCA-1,tumor&stroma_IC med to high
ACTTATACTTACCCGG-1,epithelium&submucosa
ACTTATTAGGATCGGT-1,epithelium&submucosa
ACTTATTTATGTGCCA-1,stroma_fibroblastic_IC high
ACTTCAGGCTGATCCC-1,stroma_fibroblastic_IC high
ACTTCGCCATACGCAC-1,epithelium&submucosa
ACTTGACTCCCTCTTT-1,stroma_fibroblastic_IC high
ACTTGGGACCCGGTGG-1,epithelium&submucosa
ACTTGTAGTCCCTTCA-1,tumor
ACTTTACCCTCATGAA-1,tumor
ACTTTCCTATAGCTTC-1,epithelium&submucosa
ACTTTGACTGCATCCT-1,tumor
AGAACGTGGTACATTC-1,submucosa
AGAAGAGCGCCGTTCC-1,epithelium&submucosa
AGAAGGTACACTTCAC-1,exclude
AGAAGGTTGCCGAATT-1,submucosa
AGAAGTGATTCGTGAT-1,stroma_fibroblastic_IC high
AGAATAAATCTTCAGG-1,stroma_fibroblastic_IC high
AGAATTATGGATTCGA-1,submucosa
AGAATTGTTTGACATA-1,tumor
AGACAGCTCAGAATCC-1,tumor
AGACCATGGGATACAA-1,stroma_fibroblastic_IC high
AGACCCACCGCTGATC-1,tumor
AGACCCGCCCTCCTCG-1,epithelium&submucosa
AGACCGGGAAACCCTG-1,tumor
AGACGACGATGCCGCT-1,tumor&stroma_IC med to high
AGACGGGCCGATTTAA-1,tumor&stroma_IC med to high
AGACTAGCCTTCCAGA-1,epithelium&submucosa
AGAGAACCGTCTAGGA-1,epithelium&submucosa
AGAGATCTCTAAAGCG-1,stroma_fibroblastic_IC high
AGAGCAGTTATGAGAC-1,stroma_fibroblastic_IC high
AGAGCGGGCTAATCAT-1,epithelium&submucosa
AGAGCGTACAAGCTCG-1,tumor&stroma_IC med to high
AGAGTTAGAGACCGAT-1,tumor
AGATAACTTCAGGGCC-1,non neo epithelium
AGATACCGGTGTTCAC-1,epithelium&submucosa
AGATACGACTTCATAT-1,epithelium&submucosa
AGATACTCAAGATCGA-1,stroma_fibroblastic_IC high
AGATCGTGCATAAGAT-1,epithelium&submucosa
AGATCTCAGGTGTGAT-1,non neo epithelium
AGATGACTCGCCCACG-1,epithelium&submucosa
AGATGATGGAGTCTGG-1,tumor
AGATTATAGGACGTTT-1,epithelium&submucosa
AGCAACATATCTTATT-1,submucosa
AGCACCAGTACTCACG-1,epithelium&submucosa
AGCACTACCGGCCTGT-1,tumor
AGCACTTAAGGACGCC-1,epithelium&submucosa
AGCATCATTTCGAAAG-1,exclude
AGCATCGTCGATAATT-1,epithelium&submucosa
AGCCACTCCCGTGCTT-1,epithelium&submucosa
AGCCCATACATGTAAG-1,epithelium&submucosa
AGCCCTAAGCGAAGTT-1,submucosa
AGCCGCAAATTCAAAT-1,tumor&stroma_IC med to high
AGCCGTGGCTAAATGT-1,tumor
AGCCTAATACCCACGT-1,tumor
AGCCTTAAAGCGGAAG-1,tumor&stroma_IC med to high
AGCGACAGGAACGGTC-1,non neo epithelium
AGCGACATCCCATTCA-1,epithelium&submucosa
AGCGACCAACGATATT-1,submucosa
AGCGCGGGTGCCAATG-1,epithelium&submucosa
AGCGCTTATGGGCAAG-1,stroma_fibroblastic_IC high
AGCGGCGGTTAGCGGT-1,tumor
AGCGGGAAGGGTCCAT-1,epithelium&submucosa
AGCGTGGTATTCTACT-1,stroma_fibroblastic_IC high
AGCGTTCCGATTTAAA-1,tumor
AGCTAGAAGCAGAAGT-1,stroma_fibroblastic_IC high
AGCTATTTAATCCAAC-1,epithelium&submucosa
AGCTCTAGACGTTCCA-1,epithelium&submucosa
AGCTCTTCCCAGTGCA-1,non neo epithelium
AGCTCTTCGTAACCTT-1,tumor
AGCTCTTTACTCAGTT-1,epithelium&submucosa
AGCTGAAGTAAACCAA-1,submucosa
AGCTGTAACCTCAATC-1,tumor
AGCTTGATCTTAACTT-1,stroma_fibroblastic_IC high
AGGACAGTCGAATCCC-1,epithelium&submucosa
AGGACATCGCACGTCG-1,submucosa
AGGACGACCCATTAGA-1,epithelium&submucosa
AGGACGCTCGATGTTG-1,exclude
AGGATAAAGTCGGGAT-1,tumor&stroma_IC med to high
AGGATATAGGGATTTA-1,tumor&stroma_IC med to high
AGGATCACGCGATCTG-1,stroma_fibroblastic_IC high
AGGATTGCTTACGACA-1,tumor
AGGCAGATGCGTAAAC-1,submucosa
AGGCCACCCGTTATGA-1,epithelium&submucosa
AGGCCCATTGTACAGG-1,non neo epithelium
AGGCCCTAGAACGCCA-1,tumor
AGGCGTCTATGGACGG-1,tumor
AGGCTATGGTTAGCTT-1,stroma_fibroblastic_IC high
AGGCTTCCCGAAGAAG-1,epithelium&submucosa
AGGCTTGCTAGACACC-1,stroma_fibroblastic_IC high
AGGGAAACGAGGTACT-1,tumor&stroma_IC med to high
AGGGACCGGCTGCGTT-1,tumor
AGGGAGACATACTTCG-1,tumor&stroma_IC med to high
AGGGCAGCGGCGTGGT-1,submucosa
AGGGCGAGCAGCTGAT-1,tumor
AGGGCGTGATCGGCTA-1,epithelium&submucosa
AGGGCTGCAGTTACAG-1,epithelium&submucosa
AGGGTCAGTAACCCTA-1,tumor
AGGGTCGATGCGAACT-1,submucosa
AGGGTGCTCTCGAGGG-1,epithelium&submucosa
AGGGTGGATAGTGCAT-1,tumor&stroma_IC med to high
AGGGTTCCCTTTGGTT-1,epithelium&submucosa
AGGGTTTAGTTCGGGA-1,non neo epithelium
AGGTAACCTCCTATTC-1,non neo epithelium
AGGTACGATATTGCCA-1,non neo epithelium
AGGTAGGTACAAAGCT-1,epithelium&submucosa
AGGTATAATTGATAGT-1,tumor
AGGTCAGGTGAGAGTG-1,tumor&stroma_IC med to high
AGGTCGCGGAGTTACT-1,tumor
AGGTGTATCGCCATGA-1,stroma_fibroblastic_IC high
AGGTTGAGGCACGCTT-1,non neo epithelium
AGGTTTCACACACCTT-1,stroma_fibroblastic_IC high
AGTAACGTTCATCCTG-1,tumor
AGTAATGTCTTGCCGC-1,non neo epithelium
AGTACATCATTTATCA-1,stroma_fibroblastic_IC high
AGTACGGCCCGTATCG-1,tumor&stroma_IC med to high
AGTACGGGCACCTGGC-1,epithelium&submucosa
AGTACGTGGCCTGTCT-1,tumor&stroma_IC med to high
AGTAGCGTGAACGAAC-1,tumor
AGTAGCTAGACGCCGA-1,tumor
AGTATAATACTAGGCA-1,tumor&stroma_IC med to high
AGTCAACACCACCATC-1,submucosa
AGTCAAGATGACACTT-1,stroma_fibroblastic_IC high
AGTCCATTGGCTGATG-1,tumor&stroma_IC med to high
AGTCGACGGTCTCAAG-1,epithelium&submucosa
AGTCGGCCCAAACGAC-1,epithelium&submucosa
AGTCGGCTCAACTTTA-1,tumor&stroma_IC med to high
AGTCGTGGGCATTACG-1,stroma_fibroblastic_IC high
AGTCTAAAGTATACTC-1,tumor&stroma_IC med to high
AGTCTCACAAGACTAC-1,tumor
AGTCTGGACATCCTTG-1,tumor
AGTCTTCTCCTCAAAT-1,non neo epithelium
AGTGACCTACTTTACG-1,exclude
AGTGAGACTTCCAGTA-1,epithelium&submucosa
AGTGAGCCTCGCCGCC-1,tumor&stroma_IC med to high
AGTGAGGGTTTCTGAC-1,stroma_fibroblastic_IC high
AGTGATATGAGTAGTT-1,exclude
AGTGATTCAAGCAGGA-1,epithelium&submucosa
AGTGCGTAGCTCGTAA-1,epithelium&submucosa
AGTGCTTGCACGAATA-1,epithelium&submucosa
AGTGGCGGCAATTTGA-1,epithelium&submucosa
AGTGGCTCCGTCGGCC-1,tumor
AGTGGTGTTACCCGTG-1,tumor
AGTGGTTGCGTATAGG-1,tumor&stroma_IC med to high
AGTGTGCTAAGATCGC-1,tumor&stroma_IC med to high
AGTGTGGTCTATTGTG-1,stroma_fibroblastic_IC high
AGTTAAACACTTGCGA-1,submucosa
AGTTAAGCGGTCCCGG-1,epithelium&submucosa
AGTTAAGTCAACCGCT-1,tumor
AGTTACCCTTAAGACT-1,tumor&stroma_IC med to high
AGTTACCGCACATGGT-1,tumor
AGTTACTCTATCGTGG-1,tumor&stroma_IC med to high
AGTTATTGAAAGGTAA-1,stroma_fibroblastic_IC high
AGTTCACCGGTTGGAC-1,tumor
AGTTCCTACAGAATTA-1,epithelium&submucosa
AGTTCCTATTTATGTT-1,stroma_fibroblastic_IC high
AGTTTGCACCTGCCTC-1,tumor
AGTTTGGCCAGACCTA-1,non neo epithelium
ATAAACGGACCCGTAA-1,tumor&stroma_IC med to high
ATAAAGGCTCGGTCGT-1,exclude
ATAAATATTAGCAGCT-1,non neo epithelium
ATAACGCCGGAGGGTC-1,epithelium&submucosa
ATAACGGAGTCCAACG-1,non neo epithelium
ATAAGGTGGAGAACAT-1,tumor
ATAAGTAGGATTCAGA-1,tumor&stroma_IC med to high
ATAAGTAGGGCGACTC-1,tumor&stroma_IC med to high
ATAAGTTACCGCGACG-1,epithelium&submucosa
ATAATACCGTTAGCCG-1,stroma_fibroblastic_IC high
ATAATAGCTGTTGAAT-1,stroma_fibroblastic_IC high
ATAATAGTGTAGGGAC-1,epithelium&submucosa
ATACAGGCCCTCCAAT-1,tumor
ATACCACGGGCAACTT-1,submucosa
ATACCAGCAAATTGCT-1,epithelium&submucosa
ATACCTAACCAAGAAA-1,exclude
ATACGCCGGCGAAACC-1,epithelium&submucosa
ATACGGGTTTCGATTG-1,epithelium&submucosa
ATACGGTGAAGATGCA-1,stroma_fibroblastic_IC high
ATACGTACTTAGCCAC-1,tumor
ATACGTCCACTCCTGT-1,stroma_fibroblastic_IC high
ATACTAGCATGACCCT-1,epithelium&submucosa
ATACTTGTTCTCGAGC-1,tumor
ATAGACAACGGGACCT-1,submucosa
ATAGACGAAGAGAAAG-1,non neo epithelium
ATAGAGTACTGGGACA-1,epithelium&submucosa
ATAGAGTTATCAACTT-1,submucosa
ATAGCCTCAGTACCCA-1,tumor&stroma_IC med to high
ATAGCTGCTCTTGTTA-1,tumor
ATAGGAATCTAAGCTT-1,tumor&stroma_IC med to high
ATAGGCGGCTATAGAA-1,non neo epithelium
ATAGGCTAGCTTCGCA-1,non neo epithelium
ATAGGGATATCCTTGA-1,epithelium&submucosa
ATAGGTTGGGCAGATG-1,submucosa
ATAGTCTTTGACGTGC-1,epithelium&submucosa
ATAGTGAAGCGTTCTC-1,submucosa
ATAGTTCCACCCACTC-1,tumor
ATATAAAGCGCTCGTG-1,exclude
ATATAAATGTAGCTGC-1,exclude
ATATCAACCTACAGAG-1,tumor&stroma_IC med to high
ATATCGGTAGGGAGAT-1,tumor
ATATCGTGCCAGACCC-1,tumor&stroma_IC med to high
ATATCTCCCTCGTTAA-1,epithelium&submucosa
ATATCTTAGGGCCTTC-1,epithelium&submucosa
ATATGTCTCCCTAGCC-1,submucosa
ATATTCAGTTAAACCT-1,epithelium&submucosa
ATATTCCACATAGTGA-1,stroma_fibroblastic_IC high
ATATTGCTGTCAAAGT-1,epithelium&submucosa
ATATTTAACCCTCAAG-1,non neo epithelium
ATCAAACGAAGGTTTG-1,tumor&stroma_IC med to high
ATCAATCTGGGCTGCA-1,epithelium&submucosa
ATCACATTAGAATATC-1,epithelium&submucosa
ATCACGTGCTAATTAA-1,epithelium&submucosa
ATCACTTCATCCTCGC-1,non neo epithelium
ATCAGACGGCACGCCG-1,non neo epithelium
ATCAGCTCGTCCACTA-1,tumor
ATCAGGTCGCCATTGC-1,tumor&stroma_IC med to high
ATCAGTAGGCAGGGAT-1,non neo epithelium
ATCATCCAATATTTGT-1,epithelium&submucosa
ATCATCTGCCCAGTGT-1,tumor
ATCCAACGCAGTCATA-1,epithelium&submucosa
ATCCAATGGAGGGTCC-1,epithelium&submucosa
ATCCAATGGTACCGAA-1,tumor&stroma_IC med to high
ATCCACGCTAAATGTT-1,tumor
ATCCAGAGCAACAACC-1,epithelium&submucosa
ATCCAGGATTCGTGAA-1,non neo epithelium
ATCCTACCTAAGCTCT-1,non neo epithelium
ATCCTGAATCGCTGCG-1,epithelium&submucosa
ATCCTGCGTGGAATGG-1,non neo epithelium
ATCGACCCAATACAGA-1,stroma_fibroblastic_IC high
ATCGACTCTTTCCGTT-1,epithelium&submucosa
ATCGCACGCCGGGAGA-1,epithelium&submucosa
ATCGCTGCGTGCAGCA-1,tumor&stroma_IC med to high
ATCGGAGACAGACGGC-1,tumor
ATCGGCAAGCAGTCCA-1,exclude
ATCGGTTACCTAGTAA-1,stroma_fibroblastic_IC high
ATCGTATTCCGAGAAC-1,tumor&stroma_IC med to high
ATCGTTCACTTTCGCC-1,tumor
ATCTAATATCCTACGG-1,exclude
ATCTCCCTGCAATCTA-1,epithelium&submucosa
ATCTGATAGTGTCTTA-1,tumor
ATCTGCACCTCTGCGA-1,stroma_fibroblastic_IC high
ATCTGGTTAAGACTGT-1,epithelium&submucosa
ATCTGTAATTGTACCC-1,submucosa
ATCTTGACCTGCAACG-1,epithelium&submucosa
ATCTTGACTTGTCCAA-1,tumor&stroma_IC med to high
ATGAAGCCAAGGAGCC-1,epithelium&submucosa
ATGAAGTGGACCCAGC-1,stroma_fibroblastic_IC high
ATGACGCCGGCTCTAA-1,submucosa
ATGACGCGTTCTATCC-1,tumor&stroma_IC med to high
ATGACTATGCGACATT-1,stroma_fibroblastic_IC high
ATGAGGAGTGTTAATC-1,epithelium&submucosa
ATGATCGGGAATAGAC-1,epithelium&submucosa
ATGATGCAATGGTACA-1,non neo epithelium
ATGCACCTTCCTTAAT-1,tumor
ATGCACTACCGCATTG-1,epithelium&submucosa
ATGCATGATCCAGGAT-1,non neo epithelium
ATGCCATTTGCGACCA-1,submucosa
ATGCCGGTCTTGCATA-1,epithelium&submucosa
ATGCCGGTTGATGGGA-1,epithelium&submucosa
ATGCGACAGTCCCATT-1,epithelium&submucosa
ATGCTCAGTGTTGCAT-1,stroma_fibroblastic_IC high
ATGGAGCAGGCCGTGA-1,non neo epithelium
ATGGATCCGGCGTCCG-1,epithelium&submucosa
ATGGATTGACCAAACG-1,epithelium&submucosa
ATGGCAGCCGAGAAAC-1,tumor&stroma_IC med to high
ATGGCTGGAAATGGCC-1,stroma_fibroblastic_IC high
ATGGGAACGGAAGCGG-1,tumor
ATGGGCCTCGGCCTCT-1,stroma_fibroblastic_IC high
ATGGTCGCGTGGTTTC-1,non neo epithelium
ATGTAAGGCTGCTCTT-1,tumor&stroma_IC med to high
ATGTCATTTCCCATTG-1,tumor
ATGTGAAAGCCTAATG-1,tumor
ATGTGCATCCGACGCA-1,epithelium&submucosa
ATGTGGACATCTTGAT-1,stroma_fibroblastic_IC high
ATGTGTAGTTTAGTCA-1,submucosa
ATGTTCCTGCCCACCT-1,tumor
ATGTTCGTCGACCCAC-1,tumor&stroma_IC med to high
ATGTTTGTAAGATCAT-1,tumor&stroma_IC med to high
ATTAAACATGCGGACC-1,stroma_fibroblastic_IC high
ATTAATACTACGCGGG-1,epithelium&submucosa
ATTAATGAACCAGTCG-1,non neo epithelium
ATTAATTCGGTCACTC-1,submucosa
ATTACAACTACCGGCC-1,epithelium&submucosa
ATTACGCGCTGGCAGG-1,epithelium&submucosa
ATTACTAGCCTCTTGC-1,epithelium&submucosa
ATTACTTACTGGGCAT-1,stroma_fibroblastic_IC high
ATTAGATTCCTCAGCA-1,tumor
ATTAGATTGATAGCGG-1,epithelium&submucosa
ATTAGGCGATGCTTTC-1,non neo epithelium
ATTATACTTTGCTCGT-1,epithelium&submucosa
ATTATAGCTACTTTAC-1,tumor
ATTATCTCGACAGATC-1,epithelium&submucosa
ATTATGCCATAGGGAG-1,epithelium&submucosa
ATTATTATGTCCGTCA-1,tumor&stroma_IC med to high
ATTCACTGATGTTGGA-1,exclude
ATTCAGGACCTATTTC-1,exclude
ATTCAGTAGCAGGGTC-1,stroma_fibroblastic_IC high
ATTCATATACTGTCCA-1,tumor&stroma_IC med to high
ATTCCCACATAAACAA-1,stroma_fibroblastic_IC high
ATTCCTCCGCCAGTGC-1,non neo epithelium
ATTCGACGCCGGGCCT-1,submucosa
ATTCTGAGTATGAACT-1,stroma_fibroblastic_IC high
ATTCTTCGTACTTATG-1,tumor&stroma_IC med to high
ATTGAAGATCTTAGTG-1,epithelium&submucosa
ATTGACGTAACTCGGT-1,epithelium&submucosa
ATTGATGAGTCCTAAC-1,tumor&stroma_IC med to high
ATTGCTGCTCCTCCAT-1,epithelium&submucosa
ATTGGTAGGATCCGCT-1,tumor
ATTGTACAACTCGGCT-1,stroma_fibroblastic_IC high
ATTGTCGCAATACCTT-1,submucosa
ATTTAACTCGTATTAC-1,exclude
ATTTACAGTTTACTGG-1,submucosa
ATTTACTAAGTCCATT-1,tumor
ATTTCATTATTTCGCG-1,epithelium&submucosa
ATTTGCGCGAGTAGCT-1,tumor
ATTTGTCTTGGGAGCT-1,epithelium&submucosa
ATTTGTTCCAGGGCTC-1,epithelium&submucosa
CAAACGAGTATCGCAG-1,epithelium&submucosa
CAAACGGTCGCACTTT-1,non neo epithelium
CAAACGTGGTCTTGCG-1,tumor&stroma_IC med to high
CAAACTACGATAGAGA-1,epithelium&submucosa
CAAACTATTGAGCTTC-1,non neo epithelium
CAAATCTCTCACAAGG-1,stroma_fibroblastic_IC high
CAAATGTCCTTCCGTG-1,epithelium&submucosa
CAAATTGTCAGCAAGC-1,submucosa
CAACGACCCGTTTACA-1,epithelium&submucosa
CAACGGTTCTTGATAC-1,epithelium&submucosa
CAACTATATCGAATGC-1,epithelium&submucosa
CAACTCCTTGATCCCG-1,epithelium&submucosa
CAAGAGGGCGGAGTAC-1,stroma_fibroblastic_IC high
CAAGATATTATAACGT-1,epithelium&submucosa
CAAGCAACGTCGGAGT-1,epithelium&submucosa
CAAGCACCAAATGCCT-1,epithelium&submucosa
CAAGCGGCACATAATT-1,tumor&stroma_IC med to high
CAAGGATCGCATGTTC-1,submucosa
CAAGGTCCTATAGGCT-1,tumor
CAAGTGTGGTTGCAAA-1,submucosa
CAATAAACCTTGGCCC-1,epithelium&submucosa
CAATACGCTCTGAGGC-1,tumor
CAATATGTAGATTTAC-1,tumor
CAATCCCTATACCAGC-1,stroma_fibroblastic_IC high
CAATGAGGTTCGACTA-1,tumor&stroma_IC med to high
CAATGGAATCTACATA-1,tumor&stroma_IC med to high
CAATGGATCTCTACCA-1,epithelium&submucosa
CAATTAAGGGTGATGA-1,submucosa
CAATTTCGTATAAGGG-1,epithelium&submucosa
CACAAGAAAGATATTA-1,tumor&stroma_IC med to high
CACAATGAGCTGCTAT-1,submucosa
CACACAGGGATAGATT-1,stroma_fibroblastic_IC high
CACACGCGCTGTCTTA-1,epithelium&submucosa
CACACGTTTCAATGGG-1,tumor&stroma_IC med to high
CACAGCACCCACGGCA-1,epithelium&submucosa
CACAGCTAGGGAGTGA-1,non neo epithelium
CACATATTAGCAGGAT-1,stroma_fibroblastic_IC high
CACATCTCACCGACGA-1,tumor
CACATGATTCAGCAAC-1,non neo epithelium
CACATTCTTTCGATGG-1,epithelium&submucosa
CACCACGCCACACAGA-1,tumor
CACCCAAATCTTATGT-1,stroma_fibroblastic_IC high
CACCCACACGTCACCC-1,epithelium&submucosa
CACCCACGAGGCAATT-1,submucosa
CACCCGGTTTGTGACT-1,tumor
CACCCTTGGTGAGACC-1,tumor
CACCGCCAGAAGGTTT-1,epithelium&submucosa
CACCGCCGACCAGCGA-1,epithelium&submucosa
CACCGGAGATATCTCC-1,stroma_fibroblastic_IC high
CACCGTTAGGGATCAC-1,tumor
CACCGTTGCGCGATAT-1,epithelium&submucosa
CACCTAATCAGTTTAC-1,epithelium&submucosa
CACCTCGATGGTGGAC-1,submucosa
CACCTTGCGAAACTCG-1,epithelium&submucosa
CACCTTGGCGCCTTTG-1,stroma_fibroblastic_IC high
CACGAAAGTTAGTCCC-1,submucosa
CACGACGTAATAGTAA-1,tumor&stroma_IC med to high
CACGCACAGCGCAGCT-1,non neo epithelium
CACGCAGCGAGGCTTT-1,epithelium&submucosa
CACGCGGAACTGTTGC-1,tumor
CACGGGATTGAGGGTT-1,stroma_fibroblastic_IC high
CACGTCGGCAACCTCT-1,stroma_fibroblastic_IC high
CACGTCTATGATGTGG-1,tumor&stroma_IC med to high
CACGTTCGTGCTCTAG-1,epithelium&submucosa
CACTAAAGTTGCCTAT-1,non neo epithelium
CACTACTCAGTTCTGT-1,submucosa
CACTCAAGAGCTATGG-1,epithelium&submucosa
CACTCAGCTCTTGAGG-1,non neo epithelium
CACTCCTCTCGGTCGG-1,submucosa
CACTCGAGCTGAACAA-1,stroma_fibroblastic_IC high
CACTCGGTTAGGAGGA-1,tumor&stroma_IC med to high
CACTGTCCAAGTGAGA-1,epithelium&submucosa
CACTTAATCAGACGGA-1,tumor&stroma_IC med to high
CACTTCGCCACAGGCT-1,epithelium&submucosa
CACTTCGTCTTATCTC-1,tumor&stroma_IC med to high
CAGACACCGATCGCTG-1,non neo epithelium
CAGACCTGTAAGTGTT-1,tumor&stroma_IC med to high
CAGACGAACCTGATAC-1,stroma_fibroblastic_IC high
CAGAGACGGTCACCCA-1,tumor&stroma_IC med to high
CAGAGCATGAGCTTGC-1,epithelium&submucosa
CAGAGGCGATGCATGA-1,non neo epithelium
CAGAGTGATTTAACGT-1,epithelium&submucosa
CAGATACTAACATAGT-1,epithelium&submucosa
CAGATCATTTAAAGTC-1,tumor
CAGCAGCCCGTTCCTT-1,epithelium&submucosa
CAGCCCTCACAGGCAG-1,epithelium&submucosa
CAGCCGGGCCCTCTAT-1,epithelium&submucosa
CAGCCTCCTGCAGAGG-1,epithelium&submucosa
CAGCGATTCCCTTCAA-1,tumor
CAGCGCCAACACGATA-1,tumor&stroma_IC med to high
CAGCTCACTGAGACAT-1,submucosa
CAGCTCGACAAGTTAA-1,epithelium&submucosa
CAGCTCGTGCTTGTGT-1,non neo epithelium
CAGCTGGCGTAACCGT-1,tumor&stroma_IC med to high
CAGCTTAGTAGGTAGC-1,stroma_fibroblastic_IC high
CAGGAAGACTTTATAT-1,epithelium&submucosa
CAGGATATATCGTTGT-1,stroma_fibroblastic_IC high
CAGGCCGTTTGGGTGT-1,submucosa
CAGGCGCCATGCTAGG-1,tumor&stroma_IC med to high
CAGTAACTATTTATTG-1,tumor
CAGTAATCCCTCCCAG-1,tumor&stroma_IC med to high
CAGTACATTCTCTAAA-1,stroma_fibroblastic_IC high
CAGTACCAGTTTACGT-1,stroma_fibroblastic_IC high
CAGTAGCCCACGCGGT-1,epithelium&submucosa
CAGTCGAGGATGCAAT-1,stroma_fibroblastic_IC high
CAGTCTGTATACTGGG-1,stroma_fibroblastic_IC high
CAGTGAATAAATGACT-1,epithelium&submucosa
CAGTGTCCGCAGAATG-1,epithelium&submucosa
CAGTTCAAATTGACAC-1,epithelium&submucosa
CAGTTCCGCGGGTCGA-1,stroma_fibroblastic_IC high
CATAACGGACAGTCGT-1,non neo epithelium
CATAAGAAGCTTGGCT-1,tumor
CATAAGCTCTCCGTCT-1,tumor&stroma_IC med to high
CATACAAAGCCGAACC-1,non neo epithelium
CATACCCGTACCCAGT-1,submucosa
CATACGGCGTCTGGGC-1,epithelium&submucosa
CATACTATGTAATTGT-1,tumor
CATACTTAGGCAATAC-1,tumor
CATAGCCGCCCGGGAT-1,stroma_fibroblastic_IC high
CATAGTACATTGAGAG-1,epithelium&submucosa
CATAGTAGCATAGTAG-1,epithelium&submucosa
CATAGTCCACAAGAAC-1,epithelium&submucosa
CATATAGGTACAGTCA-1,exclude
CATATGTCAGGCTACG-1,tumor&stroma_IC med to high
CATATTATTTGCCCTA-1,submucosa
CATCAACACCTACTAA-1,tumor&stroma_IC med to high
CATCATCTACCCGGAC-1,non neo epithelium
CATCCGCAGGCCCGAA-1,tumor
CATCGGACGGGTTAAT-1,stroma_fibroblastic_IC high
CATCGTCCGGTTACTA-1,stroma_fibroblastic_IC high
CATCTATCCCGTGTCT-1,exclude
CATCTGCAGGATCATT-1,tumor
CATCTTACACCACCTC-1,tumor
CATGAACCTCTTATCA-1,epithelium&submucosa
CATGACTTCGCTGAAT-1,tumor
CATGATGCACAATTCT-1,epithelium&submucosa
CATGCACGTGTTACTG-1,tumor&stroma_IC med to high
CATGCATGGAGACCCT-1,epithelium&submucosa
CATGCCAACTCGCAAA-1,tumor&stroma_IC med to high
CATGCGACCAGTTTAA-1,tumor&stroma_IC med to high
CATGCGTTAGACAGAA-1,submucosa
CATGGAAATGGGACCA-1,tumor&stroma_IC med to high
CATGGCAGGAAGATCG-1,epithelium&submucosa
CATGGGTCGGGTGTGG-1,epithelium&submucosa
CATGGTAAGTAGCGTT-1,stroma_fibroblastic_IC high
CATGGTCTAGATACCG-1,submucosa
CATGTAGGAGCGCCAA-1,tumor&stroma_IC med to high
CATGTCTCATTTATGG-1,stroma_fibroblastic_IC high
CATTACATAGATTGTG-1,tumor
CATTACGTCGGCCCGT-1,epithelium&submucosa
CATTATGCTTGTTGTG-1,non neo epithelium
CATTCACTGACAGCTA-1,epithelium&submucosa
CATTCCCATTCCGTCG-1,stroma_fibroblastic_IC high
CATTGCGAAATGGGCG-1,stroma_fibroblastic_IC high
CATTGCGGGTCAATTC-1,tumor
CATTTAGCGGACCATG-1,submucosa
CATTTATCGTTCAAGA-1,tumor&stroma_IC med to high
CATTTGAGTGGTACGT-1,epithelium&submucosa
CCAAACAGAACCCTCG-1,epithelium&submucosa
CCAACGATGCACTGAT-1,epithelium&submucosa
CCAACGCTTGCCAGGG-1,tumor&stroma_IC med to high
CCAAGAAAGTGGGCGA-1,stroma_fibroblastic_IC high
CCAAGACTTCTGCGAA-1,epithelium&submucosa
CCAAGCGTAACTCGTA-1,epithelium&submucosa
CCAAGTTTCTACAGAT-1,exclude
CCAATAGTGCCGTCGA-1,epithelium&submucosa
CCAATCGGTAGATCGA-1,epithelium&submucosa
CCAATGTCACAGCAAG-1,non neo epithelium
CCAATTACGGGTCGAG-1,epithelium&submucosa
CCAATTGAATGTTAAT-1,non neo epithelium
CCACAATGTACGTCTT-1,epithelium&submucosa
CCACACTGAGATATTA-1,epithelium&submucosa
CCACAGTACCCATCCT-1,stroma_fibroblastic_IC high
CCACCAACTTTACTGT-1,tumor
CCACCCAAGGAAAGTG-1,epithelium&submucosa
CCACGAGAAGAGAATC-1,epithelium&submucosa
CCACGGAGCCATAAGA-1,stroma_fibroblastic_IC high
CCACGGTGCCCGGTAG-1,tumor
CCACTATCCGGGTCAC-1,tumor&stroma_IC med to high
CCACTGGTGGCTGGTT-1,stroma_fibroblastic_IC high
CCAGAAAGCAACTCAT-1,stroma_fibroblastic_IC high
CCAGAGACAAAGCCGG-1,stroma_fibroblastic_IC high
CCAGATAGTTGAGTGA-1,epithelium&submucosa
CCAGCCTGGACCAATA-1,epithelium&submucosa
CCAGCTGATGGTACTT-1,tumor&stroma_IC med to high
CCAGCTTCCGCCCGCA-1,tumor&stroma_IC med to high
CCAGGGACGTGGCCTC-1,epithelium&submucosa
CCAGTAGTCTGATCCA-1,epithelium&submucosa
CCAGTCAAATCTCTTA-1,exclude
CCAGTCTAGACGGCGC-1,submucosa
CCATAAACAACCCGAC-1,epithelium&submucosa
CCATACCTTTACTTGT-1,stroma_fibroblastic_IC high
CCATAGGTTGGCGTGG-1,non neo epithelium
CCATCCATACCAAGTC-1,epithelium&submucosa
CCATCGCAGTTAAACT-1,stroma_fibroblastic_IC high
CCATCTCACCAGTGAA-1,tumor&stroma_IC med to high
CCATGCCTGTTTAGTA-1,non neo epithelium
CCATGCTCTGCAGGAA-1,non neo epithelium
CCATGGCCCTTGTACC-1,tumor&stroma_IC med to high
CCATTAGCGATAATCC-1,epithelium&submucosa
CCATTCCCTGCCCACA-1,epithelium&submucosa
CCATTTCTACCTATTA-1,exclude
CCCAAACATGCTGCTC-1,epithelium&submucosa
CCCAACATACGTCGCG-1,epithelium&submucosa
CCCAACCACACTAACA-1,submucosa
CCCAAGAATGCACGGT-1,tumor
CCCAATTTCACAACTT-1,epithelium&submucosa
CCCAGAGGAGGGCGTA-1,tumor
CCCAGTTAAGGCGCCG-1,epithelium&submucosa
CCCGAAGTTTCGCGAA-1,tumor&stroma_IC med to high
CCCGACCATAGTCCGC-1,epithelium&submucosa
CCCGCAGCGCGAACTA-1,tumor&stroma_IC med to high
CCCGCAGGGCCCAAAG-1,submucosa
CCCGCCATGCTCCCGT-1,non neo epithelium
CCCGCGCAATGCACCC-1,stroma_fibroblastic_IC high
CCCGGTGGAAGAACCT-1,tumor&stroma_IC med to high
CCCGGTGTATCGGAAT-1,tumor
CCCGTAAGTCTAGGCC-1,epithelium&submucosa
CCCGTCAGCGTCTGAC-1,epithelium&submucosa
CCCGTGAGGGCGGTGA-1,tumor&stroma_IC med to high
CCCTCAAGCTCTTAGT-1,tumor
CCCTCATTCTGGAATT-1,epithelium&submucosa
CCCTGAAATGAGTTGA-1,epithelium&submucosa
CCCTGACTAACAAATT-1,stroma_fibroblastic_IC high
CCCTGCCCAATCCGCT-1,tumor
CCCTGCGCTACGCATA-1,stroma_fibroblastic_IC high
CCCTGGTATGGGCGGC-1,epithelium&submucosa
CCCTTTGACAGGTCTT-1,tumor&stroma_IC med to high
CCGAACACTGGGCCTC-1,tumor
CCGAACCTTCCCGGCC-1,stroma_fibroblastic_IC high
CCGAAGTATATTGTTC-1,tumor&stroma_IC med to high
CCGACAAACACATGAG-1,tumor
CCGACAAAGGGAGTGC-1,tumor&stroma_IC med to high
CCGACGGGCATGAGGT-1,tumor
CCGACTCGCATAGTCT-1,tumor&stroma_IC med to high
CCGAGGGATGTTAGGC-1,epithelium&submucosa
CCGATCTCAACCTTAT-1,tumor
CCGATTCGAGGGACCC-1,stroma_fibroblastic_IC high
CCGATTGGTCAATGAA-1,tumor&stroma_IC med to high
CCGCACAAAGACCAAC-1,epithelium&submucosa
CCGCACGTGACCTCGG-1,stroma_fibroblastic_IC high
CCGCATGTGGTACGAT-1,exclude
CCGCCACCACAATCCA-1,epithelium&submucosa
CCGCCTTGCGATGTCG-1,tumor
CCGCGATTTGGTAGGT-1,tumor
CCGCGGAATGCGTCAC-1,stroma_fibroblastic_IC high
CCGCGGGTACGAAGAA-1,stroma_fibroblastic_IC high
CCGCGTAGGTAAGGGC-1,tumor&stroma_IC med to high
CCGCTATCAGCACCAG-1,stroma_fibroblastic_IC high
CCGCTGGTGCCATTCA-1,epithelium&submucosa
CCGCTTACCTCACTCT-1,non neo epithelium
CCGCTTGCTGACATGG-1,tumor
CCGGAATGGTTTCAGT-1,tumor&stroma_IC med to high
CCGGCACGACCGTTTC-1,tumor
CCGGCGTGAGACTCTG-1,tumor
CCGGGACCCGCAGAGA-1,epithelium&submucosa
CCGGGCGGTCTCGTCA-1,epithelium&submucosa
CCGGGCTGCTCCATAC-1,epithelium&submucosa
CCGGGTTCGAGGTTAC-1,epithelium&submucosa
CCGGTTTGTAATTGTG-1,stroma_fibroblastic_IC high
CCGTAAGTTGGTCCCA-1,epithelium&submucosa
CCGTATCTCGTCGTAG-1,tumor&stroma_IC med to high
CCGTATTAGCGCAGTT-1,stroma_fibroblastic_IC high
CCGTGGAACGATCCAA-1,tumor
CCGTGTTAAATTCCAT-1,stroma_fibroblastic_IC high
CCGTTACGTTAGAACA-1,epithelium&submucosa
CCGTTCCGAATCTCGG-1,stroma_fibroblastic_IC high
CCTAAAGGCTGACGCT-1,epithelium&submucosa
CCTAAATTAACGGTTC-1,stroma_fibroblastic_IC high
CCTAACCCAAACAAGT-1,stroma_fibroblastic_IC high
CCTAACTAAGGCTCTA-1,submucosa
CCTACAAGTCCGGAAT-1,tumor&stroma_IC med to high
CCTACATTCACAGACG-1,tumor&stroma_IC med to high
CCTACGCGACCTTACA-1,tumor
CCTACGGCTCAGTCGA-1,epithelium&submucosa
CCTACTGCTTACACTT-1,epithelium&submucosa
CCTAGGCGTAGCGATC-1,epithelium&submucosa
CCTAGGTAAAGGTAGC-1,tumor
CCTAGTTAGTCGCATG-1,submucosa
CCTATACCGTCCTGTC-1,stroma_fibroblastic_IC high
CCTATCTATATCGGAA-1,epithelium&submucosa
CCTATGAAGTGGTGCC-1,tumor
CCTATGGGTTACCGTC-1,non neo epithelium
CCTCACCAATCTTGAC-1,non neo epithelium
CCTCACCTGAGGGAGC-1,tumor&stroma_IC med to high
CCTCACCTTAGCATCG-1,epithelium&submucosa
CCTCCCGACAATCCCT-1,non neo epithelium
CCTCCGACAATTCAAG-1,epithelium&submucosa
CCTCCTGAGCCCACAT-1,tumor
CCTCGACCCACTGCCT-1,tumor&stroma_IC med to high
CCTCGCCAGCAAATTA-1,epithelium&submucosa
CCTCGCGCGATATAGG-1,epithelium&submucosa
CCTCGGACCGGGATAG-1,non neo epithelium
CCTCGGATGCTACCTG-1,tumor&stroma_IC med to high
CCTCTAATCTGCCAAG-1,non neo epithelium
CCTCTATCGATTAGCA-1,stroma_fibroblastic_IC high
CCTCTCTCCCATCTAG-1,epithelium&submucosa
CCTCTGGCCTAGACGG-1,non neo epithelium
CCTCTGTACTATTCTA-1,tumor
CCTGAACGATATATTC-1,submucosa
CCTGAATATTTACATA-1,non neo epithelium
CCTGACAAACTCGCGC-1,tumor
CCTGACCACCGATGGT-1,stroma_fibroblastic_IC high
CCTGCCCGTTGTCTAG-1,tumor
CCTGCGTTCTACGCTT-1,tumor&stroma_IC med to high
CCTGCTATTTGAGAAG-1,epithelium&submucosa
CCTGGCTAGACCCGCC-1,epithelium&submucosa
CCTGTAAGACATGATA-1,epithelium&submucosa
CCTGTACTCACGCCCA-1,epithelium&submucosa
CCTGTCACCCGGGCTC-1,non neo epithelium
CCTGTCCCTCACGTTA-1,tumor
CCTGTCGCCCGTAAAT-1,non neo epithelium
CCTGTGCGGATTGTAA-1,tumor&stroma_IC med to high
CCTTCTCAGCGTTCCT-1,stroma_fibroblastic_IC high
CCTTCTTGATCCAGTG-1,non neo epithelium
CCTTTCAATGAAGAAA-1,epithelium&submucosa
CGAAACATAGATGGCA-1,non neo epithelium
CGAAACGCAATTCATG-1,submucosa
CGAACCCGCATGCGTC-1,epithelium&submucosa
CGAACGGCCGGACAAC-1,tumor&stroma_IC med to high
CGAAGACGGTGAGTGC-1,tumor
CGAAGTTGCTCTGTGT-1,non neo epithelium
CGAATTACATGGTGTT-1,tumor
CGACAATTTGATCTAA-1,tumor&stroma_IC med to high
CGACACGCTCCGACAG-1,stroma_fibroblastic_IC high
CGACAGTTCGCGTTAT-1,non neo epithelium
CGACATGCGATCTTCT-1,epithelium&submucosa
CGACCCTTAACGCCGG-1,tumor
CGACGCATCCGTACCT-1,tumor
CGACTCAGGATGTTAT-1,submucosa
CGACTTTGTATAGCCT-1,tumor
CGAGACCCTAGAGTGT-1,stroma_fibroblastic_IC high
CGAGAGATGTGAACCT-1,epithelium&submucosa
CGAGAGCGCGTAGATA-1,tumor
CGAGCACTTCAAGTTT-1,stroma_fibroblastic_IC high
CGAGCTGGGCTTTAGG-1,non neo epithelium
CGAGGATCGGGAACGA-1,tumor
CGAGGCTAAATATGGC-1,epithelium&submucosa
CGAGGGACTGCGGTCG-1,epithelium&submucosa
CGAGTACTAAAGAGGA-1,stroma_fibroblastic_IC high
CGAGTTCTGTCCCACC-1,epithelium&submucosa
CGAGTTTATCGGACTG-1,epithelium&submucosa
CGATACCTCGCGGACA-1,non neo epithelium
CGATCCGACCCAGTGC-1,submucosa
CGATCTGTTGGAGGAC-1,tumor&stroma_IC med to high
CGATGGACCCTACGCC-1,epithelium&submucosa
CGATTAAATATCTCCT-1,exclude
CGATTCGCCTGGCTGC-1,tumor
CGCAAACACGAGTTAC-1,non neo epithelium
CGCAATTACTTTCGGT-1,non neo epithelium
CGCAATTAGGGTAATA-1,submucosa
CGCAATTCTACAATAA-1,stroma_fibroblastic_IC high
CGCACATGTCCACTAC-1,epithelium&submucosa
CGCACGTGCGCTATCA-1,tumor
CGCAGATCTTCACCCG-1,tumor
CGCATCATGGCTTCAG-1,tumor&stroma_IC med to high
CGCATCCATCAGCCAG-1,tumor
CGCATGGTGCGATGCT-1,submucosa
CGCATTAGCTAATAGG-1,epithelium&submucosa
CGCCAAGAAGCCGAGT-1,tumor
CGCCACAGGTCGCGAT-1,exclude
CGCCATCCGATTATGA-1,epithelium&submucosa
CGCCCGCTTCCGTACA-1,epithelium&submucosa
CGCCCTTGAAGGCTGA-1,stroma_fibroblastic_IC high
CGCCGACTATTCGCTA-1,tumor&stroma_IC med to high
CGCCGCCCATGCCTGT-1,epithelium&submucosa
CGCCTCCCTCCTCTAT-1,stroma_fibroblastic_IC high
CGCCTGGCCTACGTAA-1,epithelium&submucosa
CGCGACACTGCGCAGC-1,tumor&stroma_IC med to high
CGCGAGTCTGCCGGGT-1,exclude
CGCGCATGTTTGATTG-1,epithelium&submucosa
CGCGCCCGACTTAATA-1,epithelium&submucosa
CGCGGCTCAACTTGAA-1,tumor
CGCGGGAATTAGGCAG-1,epithelium&submucosa
CGCGGTAAGTCTAGCT-1,tumor
CGCGTCATATTAAACC-1,submucosa
CGCGTTCATGAAATAC-1,epithelium&submucosa
CGCTACGGGACATTTA-1,epithelium&submucosa
CGCTAGAGACCGCTGC-1,tumor
CGCTATACCGCCCACT-1,non neo epithelium
CGCTATTCAATGTATG-1,non neo epithelium
CGCTATTCTTAGGCTC-1,epithelium&submucosa
CGCTCGACATAATGAT-1,epithelium&submucosa
CGCTCTCCGTAGATTA-1,epithelium&submucosa
CGCTGTGACGCCGCAC-1,epithelium&submucosa
CGCTGTGTGGATGTTG-1,tumor
CGCTTATTCCCGGTCG-1,epithelium&submucosa
CGCTTCCACTGAAATC-1,non neo epithelium
CGCTTTCATACCGGTG-1,exclude
CGCTTTCTTGCATTCG-1,epithelium&submucosa
CGGAAAGCAAATGTGC-1,tumor
CGGAAATTTCACATCC-1,tumor&stroma_IC med to high
CGGAACGTAAACATAG-1,non neo epithelium
CGGACGTTACTTGAAG-1,stroma_fibroblastic_IC high
CGGAGCAATTTAATCG-1,tumor
CGGAGCATGGCGATCC-1,submucosa
CGGAGCTTATAACACC-1,tumor
CGGAGTTTGAGAGACA-1,epithelium&submucosa
CGGATAAGCGGACATG-1,tumor&stroma_IC med to high
CGGCAAACATCGTGCG-1,tumor
CGGCACCGTTAGCGCC-1,tumor&stroma_IC med to high
CGGCAGGGTCGGGTTG-1,epithelium&submucosa
CGGCCACGCACAAAGT-1,epithelium&submucosa
CGGCCCAACCTGTAGT-1,tumor&stroma_IC med to high
CGGCTCTTCGTCGAAC-1,tumor&stroma_IC med to high
CGGCTGCAAGATTAAG-1,tumor
CGGGAATTTATGTAAA-1,stroma_fibroblastic_IC high
CGGGAGCTTCAGTGTA-1,stroma_fibroblastic_IC high
CGGGAGTATACCGCCG-1,tumor&stroma_IC med to high
CGGGATCAATGTAAGA-1,epithelium&submucosa
CGGGCAGCTAAACCGC-1,epithelium&submucosa
CGGGCCTTCTTTGTAA-1,epithelium&submucosa
CGGGTGTACCCATTTA-1,epithelium&submucosa
CGGGTTCGGCACGTAT-1,tumor&stroma_IC med to high
CGGTACTAGAATCAAA-1,epithelium&submucosa
CGGTAGAGGTGCAGGT-1,epithelium&submucosa
CGGTATAGGTATTAGC-1,tumor
CGGTCAAGTGGGAACC-1,epithelium&submucosa
CGGTCTATCAACCCGT-1,epithelium&submucosa
CGGTGAAGACTAAAGT-1,stroma_fibroblastic_IC high
CGGTGCAGATAGAACG-1,epithelium&submucosa
CGGTGCGCGTTGGTCC-1,stroma_fibroblastic_IC high
CGGTGTACTTGATCCC-1,epithelium&submucosa
CGGTTATCCAACAGTG-1,submucosa
CGGTTCAAGTAGGTGT-1,epithelium&submucosa
CGGTTGACCTGGCATA-1,epithelium&submucosa
CGGTTGGGTTCAAGTT-1,tumor&stroma_IC med to high
CGGTTTATGAAGGAAC-1,tumor
CGTACCTGATAGGCCT-1,exclude
CGTAGCGAATTGTCAG-1,non neo epithelium
CGTATTAAGAGATCTA-1,epithelium&submucosa
CGTCAAGGCTATAAAT-1,stroma_fibroblastic_IC high
CGTCACGTCCATTGGT-1,non neo epithelium
CGTCAGCTATTTACTC-1,tumor
CGTCAGTTTATCGTCT-1,epithelium&submucosa
CGTCATACCATATCCA-1,stroma_fibroblastic_IC high
CGTCGGATAGTGTTGA-1,epithelium&submucosa
CGTCGGGTCTAAGCGC-1,exclude
CGTCGTCCTTCGCGAA-1,tumor
CGTCTGGAAGGGCCCG-1,epithelium&submucosa
CGTGAAGTTAATTCAC-1,submucosa
CGTGACATTGGGTCGT-1,submucosa
CGTGCAGACTGGGACA-1,non neo epithelium
CGTGCATTGTCGACGC-1,submucosa
CGTGCCCTCCCGAAGA-1,epithelium&submucosa
CGTGTCCCATTCGCGA-1,epithelium&submucosa
CGTGTGTTAAACCCTG-1,stroma_fibroblastic_IC high
CGTTAGCTCACAACTG-1,tumor
CGTTCATGGTGCGCGT-1,stroma_fibroblastic_IC high
CGTTCTTCGCACACCT-1,tumor
CGTTGAGCGACCGTCG-1,stroma_fibroblastic_IC high
CGTTGAGTAATTGCGT-1,tumor&stroma_IC med to high
CGTTGTAAACGTCAGG-1,tumor&stroma_IC med to high
CGTTGTAAGATTGATT-1,tumor&stroma_IC med to high
CGTTGTTTCAATTCCC-1,epithelium&submucosa
CGTTTCACTTCGGGCG-1,submucosa
CGTTTCGCTCATTACA-1,tumor
CTAAAGAATGCCTACT-1,non neo epithelium
CTAAAGGGAAATAGGA-1,stroma_fibroblastic_IC high
CTAAATCCTATTCCGG-1,epithelium&submucosa
CTAACCGCGCGCCCGT-1,submucosa
CTAACGAAACTTGCTG-1,epithelium&submucosa
CTAACTGGTCCGGTTC-1,stroma_fibroblastic_IC high
CTAAGGGAATGATTGG-1,stroma_fibroblastic_IC high
CTAAGTACAGGGCTAC-1,tumor
CTAATTCGCACGCGCT-1,non neo epithelium
CTAATTCTCAGATATT-1,tumor&stroma_IC med to high
CTAATTTCAACAACAC-1,stroma_fibroblastic_IC high
CTACAAGAAATAACCC-1,exclude
CTACCCTAAGGTCATA-1,epithelium&submucosa
CTACGAACTAGGTCGA-1,stroma_fibroblastic_IC high
CTACGACTAGCTATAA-1,stroma_fibroblastic_IC high
CTACGCACGGAGTACC-1,epithelium&submucosa
CTACGCCATTTCCGAT-1,epithelium&submucosa
CTACTATCATAGGTTT-1,stroma_fibroblastic_IC high
CTACTATCTTTCAGAG-1,epithelium&submucosa
CTACTCTAGGCCCGGC-1,tumor
CTACTGCCACCTGACC-1,submucosa
CTAGACATATATGTAG-1,tumor&stroma_IC med to high
CTAGACTGCATTTCGT-1,tumor&stroma_IC med to high
CTAGATGTGAGTGTAA-1,tumor&stroma_IC med to high
CTAGATTTACGACGGC-1,epithelium&submucosa
CTAGCATAGTATAATG-1,epithelium&submucosa
CTAGCCGATGTTATGA-1,stroma_fibroblastic_IC high
CTAGGTCTGAAGGAAT-1,stroma_fibroblastic_IC high
CTAGGTTCGGACGTGA-1,exclude
CTAGTATTCGGAATTA-1,epithelium&submucosa
CTAGTCACGTCTTAAG-1,epithelium&submucosa
CTAGTGAAGGACAGGA-1,epithelium&submucosa
CTAGTTACAACCCGGT-1,exclude
CTAGTTGGGCCCGGTA-1,epithelium&submucosa
CTATAAGAGCCAATCG-1,stroma_fibroblastic_IC high
CTATCGGGTCTCAACA-1,epithelium&submucosa
CTATGTCACTAGCCCA-1,epithelium&submucosa
CTATGTGAGTCACGGC-1,tumor
CTATTCATGTGTCCCA-1,tumor
CTATTTGGTTACGGAT-1,epithelium&submucosa
CTCACTTGGCTGGTAA-1,submucosa
CTCAGATTGTGATAAG-1,stroma_fibroblastic_IC high
CTCAGGACTCACCTGT-1,epithelium&submucosa
CTCAGTCACGACAAAT-1,non neo epithelium
CTCATGGCTCACAATC-1,exclude
CTCATGGTAATTTGCG-1,tumor
CTCATTCGTGAACATC-1,tumor
CTCATTTGATGGGCGG-1,non neo epithelium
CTCCCTCCTTTCGATC-1,tumor&stroma_IC med to high
CTCCGCCCACATGAGG-1,epithelium&submucosa
CTCCGGCCTAATATGC-1,epithelium&submucosa
CTCCTTTACGCAAGTC-1,tumor&stroma_IC med to high
CTCGAATGGAACGTAT-1,tumor
CTCGAGGTCGAACAGT-1,epithelium&submucosa
CTCGATATTTGCGAGC-1,stroma_fibroblastic_IC high
CTCGCACCTATATAGT-1,non neo epithelium
CTCGGTACCACTGCTC-1,non neo epithelium
CTCGGTCCGTAGCCTG-1,epithelium&submucosa
CTCGTTTCTAATGTTT-1,tumor&stroma_IC med to high
CTCTAATGCATTGATC-1,tumor
CTCTACACTGGCGATT-1,tumor&stroma_IC med to high
CTCTATTTGGCTGCAG-1,stroma_fibroblastic_IC high
CTCTCACAATCGATGA-1,submucosa
CTCTCGATGTGCGCCT-1,submucosa
CTCTCGCTGTACTATG-1,tumor
CTCTGGACGCCTGGTG-1,epithelium&submucosa
CTCTGTTTGAGGATTC-1,epithelium&submucosa
CTCTTGTCCCGCTTGG-1,exclude
CTGAAAGAGATCCGAC-1,non neo epithelium
CTGAATCCGAGACCTC-1,tumor&stroma_IC med to high
CTGAATTTATTGCCAG-1,tumor
CTGACTGCGCAGCTCG-1,tumor&stroma_IC med to high
CTGATAGTGTATCTCA-1,tumor&stroma_IC med to high
CTGCACAACTACATAT-1,stroma_fibroblastic_IC high
CTGCACCTAGTCCACA-1,tumor&stroma_IC med to high
CTGCACCTGGAACCGC-1,epithelium&submucosa
CTGCACTCCAGTACAG-1,exclude
CTGCCAAGGTTGGAAG-1,epithelium&submucosa
CTGCCATGCATCACAT-1,epithelium&submucosa
CTGCCCACGAAGCGTT-1,tumor&stroma_IC med to high
CTGCCTAGCCACCAAG-1,epithelium&submucosa
CTGCGGGTGAAATGTT-1,tumor
CTGCGGTAGTCACGTG-1,stroma_fibroblastic_IC high
CTGCGTTACGATATAA-1,submucosa
CTGCTGAGGCCACGAA-1,tumor&stroma_IC med to high
CTGCTTGGCGATAGCT-1,exclude
CTGCTTTATGTCCGCG-1,tumor&stroma_IC med to high
CTGGAAATGGATGCTT-1,epithelium&submucosa
CTGGAAGACACGGTGG-1,stroma_fibroblastic_IC high
CTGGACGCAGTCCGGC-1,tumor
CTGGATTTACACTTGA-1,submucosa
CTGGCATCCGAATGAG-1,stroma_fibroblastic_IC high
CTGGCGACATAAGTCC-1,epithelium&submucosa
CTGGCGCACAGGTCTG-1,epithelium&submucosa
CTGGCGGGAATAAGTA-1,stroma_fibroblastic_IC high
CTGGCTGATTCATCCT-1,tumor&stroma_IC med to high
CTGGCTGGTTGTCAGT-1,non neo epithelium
CTGGGATAAATAATGG-1,epithelium&submucosa
CTGGGCCTGCTATATC-1,exclude
CTGGGCTATCCTTTGG-1,tumor&stroma_IC med to high
CTGGGTAGGCAGTTAA-1,non neo epithelium
CTGGTAACACATAGAA-1,submucosa
CTGGTAACGAGCTCTT-1,non neo epithelium
CTGGTCATTCCAATCC-1,tumor
CTGGTCCTAACTTGGC-1,epithelium&submucosa
CTGGTTTCGAGCAAGA-1,epithelium&submucosa
CTGTACTTCTTAGCAT-1,submucosa
CTGTAGCCATCTCACT-1,epithelium&submucosa
CTGTATGGTGTAGAAA-1,epithelium&submucosa
CTGTCAAATGGCTCGG-1,epithelium&submucosa
CTGTCACGCCAGGCGC-1,tumor&stroma_IC med to high
CTGTGCAGGGTAGGTC-1,stroma_fibroblastic_IC high
CTGTTACCCAATCTAG-1,tumor
CTGTTCACTGCCTGTG-1,epithelium&submucosa
CTGTTCATCTCACGGG-1,epithelium&submucosa
CTGTTGGCTCTTCTGA-1,tumor
CTTAAATAAGACCCAT-1,tumor
CTTACACGGTATTCCA-1,non neo epithelium
CTTACACTGGGAAATA-1,epithelium&submucosa
CTTAGCCCGGATAGTG-1,tumor&stroma_IC med to high
CTTAGCCTTCCACATG-1,epithelium&submucosa
CTTAGTAGGCCTACAG-1,tumor
CTTATGCGCTCAGGGC-1,stroma_fibroblastic_IC high
CTTCAGTGGTCGCCTA-1,exclude
CTTCATAGCTCAAGAA-1,epithelium&submucosa
CTTCATTGTCAGTGGA-1,epithelium&submucosa
CTTCCTGCATATTTAC-1,tumor&stroma_IC med to high
CTTCGTAGATAGGTGA-1,submucosa
CTTCTATGTTGAAGTA-1,stroma_fibroblastic_IC high
CTTCTATTAATGCTAG-1,exclude
CTTCTTACGTCGTATA-1,submucosa
CTTGAGTTAGGGTAAT-1,submucosa
CTTGCAACCGCCTCCT-1,epithelium&submucosa
CTTGCCCAGGCTCTAC-1,stroma_fibroblastic_IC high
CTTGTACTTGTTGACT-1,epithelium&submucosa
CTTGTCAACATTCGAG-1,stroma_fibroblastic_IC high
CTTGTGCTCACCGATT-1,epithelium&submucosa
CTTGTTGCTGAGTCAA-1,epithelium&submucosa
CTTGTTTATGTAGCCA-1,epithelium&submucosa
CTTTAACTTTCAAAGG-1,epithelium&submucosa
CTTTAATATTGGTCGA-1,tumor
CTTTACCGAATAGTAG-1,stroma_fibroblastic_IC high
CTTTAGGAACACTGTT-1,epithelium&submucosa
CTTTAGTGCTATTATT-1,stroma_fibroblastic_IC high
CTTTCTGTGCGGGCTT-1,exclude
CTTTGGCGCTTTATAC-1,tumor
CTTTGGCTTTAGTAAA-1,non neo epithelium
GAAACAGATGACCACC-1,epithelium&submucosa
GAAACCATGGTGCGCT-1,stroma_fibroblastic_IC high
GAAACCGAATTACCTT-1,non neo epithelium
GAAACTCGTGCGATGC-1,stroma_fibroblastic_IC high
GAAACTCTAATGAAGG-1,non neo epithelium
GAAAGAACAGCGTTAT-1,tumor&stroma_IC med to high
GAAAGCCCTTTGGACC-1,tumor&stroma_IC med to high
GAAAGTGACTAACTGC-1,stroma_fibroblastic_IC high
GAAATACCTGCTGGCT-1,stroma_fibroblastic_IC high
GAAATACTAAACGTTT-1,tumor&stroma_IC med to high
GAAATATCACCATCAG-1,tumor&stroma_IC med to high
GAAATATGCTTGAATG-1,tumor
GAAATCGCGCGCAACT-1,epithelium&submucosa
GAAATCTGACCAAGTT-1,tumor
GAAATGGCGGTGTTAG-1,epithelium&submucosa
GAAATTAGCACGGATA-1,exclude
GAAATTGTCTCTATAA-1,exclude
GAACACACATCAACCA-1,epithelium&submucosa
GAACAGATTACTAAAT-1,exclude
GAACCTCGACCTACAC-1,stroma_fibroblastic_IC high
GAACGACCGAATGATA-1,non neo epithelium
GAACGTCTCATGGTCG-1,epithelium&submucosa
GAACGTTAGGAAGACG-1,tumor&stroma_IC med to high
GAACTTAGCGCCCGGT-1,tumor
GAAGAACGGTGCAGGT-1,epithelium&submucosa
GAAGACTTCAATGCCG-1,submucosa
GAAGCCGGGTAAGCTC-1,tumor&stroma_IC med to high
GAAGCGTGAGGAATTT-1,epithelium&submucosa
GAAGCTTGCTGACCGC-1,epithelium&submucosa
GAAGTCAGTTGCACTA-1,tumor&stroma_IC med to high
GAAGTCTCCCTAGCGA-1,non neo epithelium
GAAGTGATTTATCGTG-1,exclude
GAAGTGCTGGATAGCT-1,epithelium&submucosa
GAAGTTTCCACTCAAT-1,non neo epithelium
GAATAGACGCGACCCA-1,epithelium&submucosa
GAATAGCCCTGCGGTC-1,tumor
GAATATTCGGAGTCCC-1,epithelium&submucosa
GAATCGACATGGTCAC-1,epithelium&submucosa
GAATCTATACTCGGAC-1,tumor&stroma_IC med to high
GAATCTGAACATTCTC-1,stroma_fibroblastic_IC high
GAATGCCGAAATGACC-1,tumor&stroma_IC med to high
GAATGGGCTTATCGAC-1,tumor&stroma_IC med to high
GAATGTATGGCAGGTC-1,stroma_fibroblastic_IC high
GAATGTGGTCCGGATT-1,non neo epithelium
GAATGTTGGGTAATCT-1,epithelium&submucosa
GAATTATAGTGAAAGG-1,epithelium&submucosa
GAATTCACCCGGGTGT-1,submucosa
GAATTTCTCGCTGCAG-1,stroma_fibroblastic_IC high
GACAAACATATGCAGG-1,tumor
GACAACGACCATTGAA-1,epithelium&submucosa
GACAACGCAGCTTACG-1,epithelium&submucosa
GACACAAGGGAAGAAA-1,epithelium&submucosa
GACACGAGTTAGAGGA-1,tumor&stroma_IC med to high
GACACTGAGTTCAGTG-1,non neo epithelium
GACAGATTTCTGGCTC-1,tumor&stroma_IC med to high
GACAGCCAGACCTGAC-1,epithelium&submucosa
GACAGGCACACACTAT-1,stroma_fibroblastic_IC high
GACATACTGTCGCAGA-1,tumor&stroma_IC med to high
GACATCGATTTATAAC-1,exclude
GACCAGAGCCCTGTAG-1,epithelium&submucosa
GACCAGGTCATTCATA-1,tumor
GACCCAATTATGATAC-1,tumor
GACCGACGTGAAAGCA-1,exclude
GACCGACTGAAGCGTC-1,tumor&stroma_IC med to high
GACCGTCAGGTCGTGA-1,epithelium&submucosa
GACCGTGCTGACGGTG-1,epithelium&submucosa
GACCGTTACATGCGAC-1,tumor
GACGACGATCCGCGTT-1,tumor
GACGCCGTAAAGGCTA-1,non neo epithelium
GACGCTTGCTTCTAAA-1,non neo epithelium
GACGGACCGCGTTCCT-1,non neo epithelium
GACGGTCAATAGAAGC-1,stroma_fibroblastic_IC high
GACGTGTAGGGATTAT-1,submucosa
GACGTTCGTAAATACA-1,tumor&stroma_IC med to high
GACTAACACAGCACCT-1,tumor
GACTAAGATCATGCAC-1,epithelium&submucosa
GACTAAGTAGGCTCAC-1,epithelium&submucosa
GACTACAAAGCGGTGG-1,tumor
GACTCACCCACGTGAG-1,tumor
GACTCCCAGAATAAGG-1,tumor
GACTCGCGGGAATGAC-1,epithelium&submucosa
GACTCGGTCGGCGGAT-1,tumor
GACTGATTGGTCACAA-1,tumor
GACTGCACCAGCCCAG-1,stroma_fibroblastic_IC high
GACTGCGGCACGTGTA-1,tumor&stroma_IC med to high
GACTGGGCGCCGCAAC-1,tumor&stroma_IC med to high
GAGAATCTCACGATCA-1,tumor&stroma_IC med to high
GAGACTGATGGGTAGA-1,epithelium&submucosa
GAGACTTCGCGACCGA-1,tumor&stroma_IC med to high
GAGAGCGCAGTCCCTG-1,stroma_fibroblastic_IC high
GAGAGGGCGCGAGGTT-1,submucosa
GAGAGGTGCATTCTGG-1,exclude
GAGATCTGCTTGGCAT-1,epithelium&submucosa
GAGATCTGTCACTCCG-1,epithelium&submucosa
GAGATCTTCCATGACA-1,stroma_fibroblastic_IC high
GAGATGGGAGTCGACA-1,tumor
GAGCGAGGGAGTACCG-1,exclude
GAGCGCGCACGAGTAG-1,stroma_fibroblastic_IC high
GAGCTAAGGGCATATC-1,epithelium&submucosa
GAGCTCTCGGACCTAA-1,non neo epithelium
GAGCTGTCGTCTCGGA-1,tumor
GAGGAATGGAGAGGTT-1,stroma_fibroblastic_IC high
GAGGCTATCAAAGTCG-1,submucosa
GAGGGCGCAGCTCTGC-1,submucosa
GAGGTCCCAAAGATCT-1,stroma_fibroblastic_IC high
GAGGTCTTAGTGGGTC-1,tumor
GAGTAAGGCCACGGGA-1,tumor&stroma_IC med to high
GAGTACGGGTATACAA-1,epithelium&submucosa
GAGTATGCCCGCCTTG-1,epithelium&submucosa
GAGTCAGACCAGAATC-1,exclude
GAGTCCGCTTACCGGA-1,tumor
GAGTCGACAGACCCTC-1,tumor&stroma_IC med to high
GAGTGTGCGGTACCCA-1,epithelium&submucosa
GAGTTGATGGCAATTT-1,exclude
GATAAATCGGTGGATG-1,epithelium&submucosa
GATAACTCGCACTGTG-1,non neo epithelium
GATACGATGGGAGTCA-1,epithelium&submucosa
GATAGGTAACGTTGAC-1,tumor&stroma_IC med to high
GATATGAGACACTAAC-1,submucosa
GATATGCGGTAGCCAA-1,epithelium&submucosa
GATATGGATTACGCGG-1,tumor&stroma_IC med to high
GATATTGAGATTGGCG-1,tumor&stroma_IC med to high
GATATTTCCTACATGG-1,submucosa
GATCATTCCAAACATT-1,epithelium&submucosa
GATCCCTTTATACTGC-1,epithelium&submucosa
GATCCGGGAATTAACA-1,non neo epithelium
GATCCTAAATCGGGAC-1,epithelium&submucosa
GATCCTCGACACTGGC-1,tumor&stroma_IC med to high
GATCCTCTTGCGCTTA-1,tumor&stroma_IC med to high
GATCGACACTATCTGA-1,submucosa
GATCGCGGGCTCTCCA-1,tumor&stroma_IC med to high
GATCGGATAGAACCAT-1,tumor&stroma_IC med to high
GATCGGCGATAAGTCG-1,tumor
GATCGGTGGCCATAAC-1,epithelium&submucosa
GATCGTGACTGATATC-1,epithelium&submucosa
GATCTTCATTGTCCTC-1,stroma_fibroblastic_IC high
GATCTTGGAGGGCATA-1,stroma_fibroblastic_IC high
GATCTTTGCAGGGTAT-1,epithelium&submucosa
GATGCCAGCAGAAGGC-1,tumor
GATGCGAATGGTATTA-1,tumor
GATGCGTCCTGCATTC-1,epithelium&submucosa
GATGCTACAAGCGCCT-1,epithelium&submucosa
GATGCTGTATTTCATC-1,epithelium&submucosa
GATGGCGCACACATTA-1,epithelium&submucosa
GATGGTGCCCTAGGCA-1,non neo epithelium
GATGTAACGAACCACC-1,tumor
GATGTCGGTCAACTGC-1,epithelium&submucosa
GATGTGTTGTCACAAG-1,submucosa
GATGTTCAATCCACGA-1,epithelium&submucosa
GATGTTTGTGCGAGAT-1,stroma_fibroblastic_IC high
GATTACTGAATTTGGG-1,non neo epithelium
GATTCCCTTGTCGCAG-1,epithelium&submucosa
GATTCCGCGTTTCCGT-1,epithelium&submucosa
GATTCCTATACGGCGC-1,stroma_fibroblastic_IC high
GATTCGACGGTTCACG-1,stroma_fibroblastic_IC high
GATTGACACTCTGCTC-1,epithelium&submucosa
GCAAACCCTACATTAT-1,tumor
GCAAACCTTGGCCATA-1,exclude
GCAAATATTACGCTTT-1,epithelium&submucosa
GCAAATGAGGACACTT-1,tumor&stroma_IC med to high
GCAACACACTAGAACT-1,tumor
GCAACCACCAGACCGG-1,stroma_fibroblastic_IC high
GCAACCACGGCCGCGT-1,epithelium&submucosa
GCAACCCAAGTTGTTT-1,tumor&stroma_IC med to high
GCAAGAATTCCTTGGC-1,epithelium&submucosa
GCAAGATGTGTTCGCG-1,tumor
GCAAGTGCACAGAGAA-1,epithelium&submucosa
GCACAAGTGGATCATA-1,tumor&stroma_IC med to high
GCACACGCCCATGGTC-1,stroma_fibroblastic_IC high
GCAGACCCAGCACGTA-1,tumor&stroma_IC med to high
GCAGATCCATAAGACT-1,stroma_fibroblastic_IC high
GCAGATCCTCGCAAAT-1,tumor
GCAGATTAGGGATATC-1,non neo epithelium
GCAGCACACAGCCCAG-1,non neo epithelium
GCAGCCTATATCACAT-1,tumor
GCAGCTATGGACAGGT-1,tumor
GCAGGAACTTAGATCT-1,tumor&stroma_IC med to high
GCAGGACTATAGAATA-1,submucosa
GCAGGTAGAGTATGGT-1,exclude
GCATACGAGGTCTTTA-1,tumor&stroma_IC med to high
GCATAGAGCACTCAGG-1,epithelium&submucosa
GCATCCCTAACTTTGA-1,epithelium&submucosa
GCATGAGGGACGCGGC-1,epithelium&submucosa
GCATGGGTACTGACGC-1,tumor&stroma_IC med to high
GCATTCAAGGCAACGC-1,tumor&stroma_IC med to high
GCATTCGAAATGAACA-1,tumor&stroma_IC med to high
GCATTGTAATTCATAT-1,tumor&stroma_IC med to high
GCATTTCCAAGGCTCC-1,tumor
GCCAACCATTTCCGGA-1,tumor&stroma_IC med to high
GCCAAGAATACTTCTG-1,tumor
GCCAATAGGGCATCTC-1,tumor
GCCACAATTTAAGGAC-1,non neo epithelium
GCCAGGAGTAACCGAT-1,submucosa
GCCAGGCGTTCGCATG-1,tumor&stroma_IC med to high
GCCATATTGCACACAG-1,epithelium&submucosa
GCCATCGAGCTGCGTG-1,stroma_fibroblastic_IC high
GCCATCGATGCTGCAT-1,tumor&stroma_IC med to high
GCCCAGTTGGTATGCC-1,epithelium&submucosa
GCCCGACTTCTTCCCG-1,tumor
GCCCGATCTGTGGTCG-1,tumor
GCCCGCGCGTAAACGG-1,epithelium&submucosa
GCCCGCGCGTTTGACA-1,non neo epithelium
GCCCGTAATACCTTCT-1,non neo epithelium
GCCCTAGCCGTCGCGA-1,exclude
GCCGAAATTCCTACGT-1,epithelium&submucosa
GCCGATTGGCCAAGCT-1,stroma_fibroblastic_IC high
GCCGCATTAGTCCGGC-1,tumor&stroma_IC med to high
GCCGCTAGATACGCAG-1,tumor&stroma_IC med to high
GCCGCTTGTGAGAAAC-1,epithelium&submucosa
GCCGGGTTAGGGTCGC-1,stroma_fibroblastic_IC high
GCCTAGCGATCTGACC-1,epithelium&submucosa
GCCTATAGTGTCAGGG-1,epithelium&submucosa
GCCTATTCCGATATAG-1,stroma_fibroblastic_IC high
GCCTCATCTGGAAATA-1,tumor
GCCTCTATACATAGCA-1,tumor
GCCTGCTACACTGAGA-1,tumor&stroma_IC med to high
GCCTTCAGCCCTACCG-1,epithelium&submucosa
GCCTTGTATATGCAGT-1,tumor
GCGAAACTTAACTGGA-1,epithelium&submucosa
GCGAAGCCATACCCGT-1,epithelium&submucosa
GCGACATGTAAACATC-1,tumor&stroma_IC med to high
GCGACCCAACCATCTG-1,exclude
GCGACGATAGTTGTAC-1,epithelium&submucosa
GCGAGAGGCCATGTAA-1,tumor
GCGAGAGTTGCGTCCA-1,tumor
GCGAGCGCATGCTCCC-1,stroma_fibroblastic_IC high
GCGAGGCCCGAGCAGA-1,epithelium&submucosa
GCGAGTTCTGCAAAGA-1,epithelium&submucosa
GCGATTCTGGAAGCAG-1,submucosa
GCGATTGTTAACGTTA-1,epithelium&submucosa
GCGCAAGAGCGCGCTG-1,tumor
GCGCATCCAGTCAGCA-1,submucosa
GCGCCGTTCCACGATA-1,stroma_fibroblastic_IC high
GCGCTAAGTATGCATG-1,tumor
GCGCTAATTGAATAGA-1,epithelium&submucosa
GCGCTATGCCGAGGCA-1,epithelium&submucosa
GCGCTGATCCAGACTC-1,submucosa
GCGCTGCTTTGCATTT-1,epithelium&submucosa
GCGGACCGCGTTGTGG-1,tumor
GCGGAGAGGGAGAACG-1,stroma_fibroblastic_IC high
GCGGCTCTGACGTACC-1,submucosa
GCGGGAACCAGGCCCT-1,epithelium&submucosa
GCGGGCATTACGATGC-1,tumor
GCGGTGAACTGCGCTC-1,submucosa
GCGGTGCGGAGCATCG-1,tumor
GCGGTTCCCTATCATG-1,epithelium&submucosa
GCGTAAATGGCCATAA-1,tumor&stroma_IC med to high
GCGTCGAAATGTCGGT-1,epithelium&submucosa
GCGTCGCCAGGGTGAT-1,tumor
GCGTCTCTGCATTGGG-1,submucosa
GCGTGGTACTGGGTTA-1,non neo epithelium
GCGTGTATGTCGTATT-1,submucosa
GCGTTATATTTGGAAC-1,stroma_fibroblastic_IC high
GCTAAACCTGAGGTGA-1,stroma_fibroblastic_IC high
GCTAAGTAAAGGCGAT-1,tumor&stroma_IC med to high
GCTAAGTAGTTTCTCT-1,epithelium&submucosa
GCTAATACCGAATGCC-1,epithelium&submucosa
GCTACAGTACGGACCG-1,stroma_fibroblastic_IC high
GCTACGACTTATTGGG-1,stroma_fibroblastic_IC high
GCTAGACCGTCTACTG-1,stroma_fibroblastic_IC high
GCTAGCTTGAATAGCT-1,tumor&stroma_IC med to high
GCTAGTAGAGCTTGTA-1,submucosa
GCTAGTTTCATTGAGG-1,non neo epithelium
GCTATCATACTCATGG-1,tumor
GCTATCGCGGCGCAAC-1,tumor&stroma_IC med to high
GCTCAACCTCTTAGAG-1,tumor
GCTCAATCCGTTTATT-1,stroma_fibroblastic_IC high
GCTCATTACTGCATGT-1,stroma_fibroblastic_IC high
GCTCCGGACGTTGATA-1,tumor
GCTCGCGGTTCCGCTC-1,tumor
GCTCGCTCATGTCCAA-1,stroma_fibroblastic_IC high
GCTCGGAATTTAAAGC-1,submucosa
GCTCTAAACCCTGACG-1,epithelium&submucosa
GCTCTATGTTACGTGC-1,epithelium&submucosa
GCTCTCGGGTACCGAA-1,epithelium&submucosa
GCTGAGCAACGGTTCT-1,tumor
GCTGAGGCGTGAGTAT-1,stroma_fibroblastic_IC high
GCTGCACGGTTTCTTA-1,epithelium&submucosa
GCTGCTACTGCGTAGC-1,stroma_fibroblastic_IC high
GCTGCTCTCCGGACAC-1,epithelium&submucosa
GCTGGCAGGTGCCGTG-1,tumor&stroma_IC med to high
GCTGGCATATTCACCT-1,epithelium&submucosa
GCTGGCGGCGCATGCT-1,exclude
GCTGTATTACTGGCCC-1,epithelium&submucosa
GCTGTTGCTACCGAAC-1,submucosa
GCTTAATGTAACTAAC-1,non neo epithelium
GCTTACGTAGTTAGTA-1,tumor
GCTTATGAAGCAGGAA-1,non neo epithelium
GCTTCCGTCCCTAGAC-1,epithelium&submucosa
GCTTGATGATAATCAG-1,non neo epithelium
GCTTGGATCGATTAGG-1,non neo epithelium
GCTTTCAGAGGAGGTG-1,non neo epithelium
GGAAACCTTGTTGAAT-1,tumor
GGAAAGTGCCCATGCC-1,epithelium&submucosa
GGAACCCGAACAAGAA-1,tumor&stroma_IC med to high
GGAACCGTGTAAATTG-1,epithelium&submucosa
GGAACGGCCTGCAGCC-1,tumor
GGAAGCTCGCTTACAG-1,epithelium&submucosa
GGAATAACCTCAAGAA-1,epithelium&submucosa
GGAATGCGCTAGCGTG-1,epithelium&submucosa
GGACAAGTTGCAGTGA-1,tumor&stroma_IC med to high
GGACCAACAGGATAAC-1,tumor&stroma_IC med to high
GGACCTACGGTAACGT-1,tumor&stroma_IC med to high
GGACGGCTTGCGCAAC-1,stroma_fibroblastic_IC high
GGACTAAGTCAGGAGT-1,tumor
GGAGAAGTCATTGGCA-1,epithelium&submucosa
GGAGACGACACCTTTG-1,stroma_fibroblastic_IC high
GGAGCACCAAGAACTA-1,epithelium&submucosa
GGAGGATTGAAAGGAG-1,submucosa
GGAGGCGAAGAACCGC-1,tumor
GGAGGGCTTGGTTGGC-1,epithelium&submucosa
GGAGTGCCGCCCTGGA-1,epithelium&submucosa
GGATCCGGAATATACT-1,epithelium&submucosa
GGATCTTGACTCAACC-1,exclude
GGATGAAGATCGCTGA-1,stroma_fibroblastic_IC high
GGATGACGCGAGTTTA-1,epithelium&submucosa
GGATGCTGGCGTTCCT-1,tumor&stroma_IC med to high
GGATGTCCTTACCGCA-1,epithelium&submucosa
GGATTAAGCTAAGGTC-1,tumor&stroma_IC med to high
GGATTCAGTACGGTGG-1,epithelium&submucosa
GGATTCCGCTATACCC-1,epithelium&submucosa
GGATTTCACTTCTATA-1,epithelium&submucosa
GGCAAAGGCGCCAATA-1,tumor&stroma_IC med to high
GGCAAATTACTTTACT-1,epithelium&submucosa
GGCAAGGCGAAATAGC-1,stroma_fibroblastic_IC high
GGCAATAGTCAATGAG-1,epithelium&submucosa
GGCACTCCACTGGGCA-1,tumor&stroma_IC med to high
GGCAGAGAGATCGGGA-1,tumor&stroma_IC med to high
GGCATACAGGTAGCGG-1,non neo epithelium
GGCATATCGGTTCTGC-1,epithelium&submucosa
GGCCCGTATACCATGC-1,tumor&stroma_IC med to high
GGCCCTCACCCACTTA-1,stroma_fibroblastic_IC high
GGCCGTTTGGGTTTCA-1,tumor&stroma_IC med to high
GGCCTTTGCAACTGGC-1,tumor
GGCGAAATCTAACTTG-1,epithelium&submucosa
GGCGCAGGACATCTTC-1,non neo epithelium
GGCGCATGAATTGATG-1,non neo epithelium
GGCGCGTTCGAGTTTA-1,tumor&stroma_IC med to high
GGCGCTCCTCATCAAT-1,stroma_fibroblastic_IC high
GGCGGAGTAATATTAG-1,submucosa
GGCGGTAGGATCATTG-1,epithelium&submucosa
GGCGGTTTGCCGGTGC-1,tumor
GGCGTCCTATCCGCTG-1,non neo epithelium
GGCTAAAGGGCGGGTC-1,stroma_fibroblastic_IC high
GGCTATTAAGTTGTAT-1,epithelium&submucosa
GGCTCCTCCACCTGTT-1,tumor
GGCTCGCGTTGAGGTA-1,epithelium&submucosa
GGCTCGTGCCACCAGC-1,submucosa
GGCTCTGCTCCAACGC-1,epithelium&submucosa
GGCTGAAATAGCAAAG-1,stroma_fibroblastic_IC high
GGCTGAGCATCGTAAG-1,tumor&stroma_IC med to high
GGCTTGGCTCTCACCT-1,tumor
GGGAACGGGAGGTTAG-1,non neo epithelium
GGGAATGAGCCCTCAC-1,tumor
GGGAATTCTGTCCAGT-1,tumor&stroma_IC med to high
GGGACTGCATAGATAG-1,epithelium&submucosa
GGGAGAACTCACAGTA-1,epithelium&submucosa
GGGAGGATGCCCGAAA-1,epithelium&submucosa
GGGAGTTAATGAGGCG-1,epithelium&submucosa
GGGATACGGTAATAAT-1,tumor
GGGATGGTCGTAACCG-1,non neo epithelium
GGGATTTACCGCACCT-1,submucosa
GGGCCCGTCTTAAACA-1,exclude
GGGCCCTACGAAAGGG-1,stroma_fibroblastic_IC high
GGGCCCTTATCTATAC-1,tumor&stroma_IC med to high
GGGCCGGCCGAAGTAC-1,epithelium&submucosa
GGGCCTAAATGGGCTA-1,tumor&stroma_IC med to high
GGGCGAATTTCTCCAC-1,tumor&stroma_IC med to high
GGGCGATATGTGTGAA-1,non neo epithelium
GGGCGGCAAATGAATT-1,epithelium&submucosa
GGGCGGGTTCCCTACG-1,epithelium&submucosa
GGGCGTACATTTATAT-1,epithelium&submucosa
GGGCGTCACCACGTAA-1,epithelium&submucosa
GGGCGTCCACTGGCTC-1,epithelium&submucosa
GGGCTCATCGAACCCA-1,submucosa
GGGCTGCCTAGGGCGA-1,non neo epithelium
GGGCTGGTTAGTCGCG-1,epithelium&submucosa
GGGTACTTCATGAACT-1,non neo epithelium
GGGTATGTATGCACTT-1,stroma_fibroblastic_IC high
GGGTCACCGTGACGGT-1,submucosa
GGGTCACGTGCTTATG-1,tumor
GGGTCATGCGTACCAT-1,tumor
GGGTCGTGGCAAGTGT-1,tumor
GGGTGACACCTTAACT-1,stroma_fibroblastic_IC high
GGGTGCATATGAAAGC-1,stroma_fibroblastic_IC high
GGGTGGTCCAGCCTGT-1,submucosa
GGGTGTTTCAGCTATG-1,epithelium&submucosa
GGGTTAACATTTGAGT-1,stroma_fibroblastic_IC high
GGGTTCAGACGAACAA-1,tumor&stroma_IC med to high
GGTAAATGTGCGTTAC-1,submucosa
GGTACAAACATGCTAT-1,submucosa
GGTACACCAGATTTAT-1,tumor
GGTACATCTGGGACGA-1,stroma_fibroblastic_IC high
GGTACCATTAAGACGG-1,tumor&stroma_IC med to high
GGTAGAAGACCGCCTG-1,tumor&stroma_IC med to high
GGTAGACCGTTGGGCG-1,non neo epithelium
GGTAGTGCTCGCACCA-1,epithelium&submucosa
GGTATAGTGACACATA-1,tumor
GGTATTGCCGAGTTTA-1,non neo epithelium
GGTCAGTGGGTCCCAC-1,tumor
GGTCGGATAAACGGCG-1,stroma_fibroblastic_IC high
GGTCGGCCAGGAGCTT-1,non neo epithelium
GGTCGTAAGCTCGCAC-1,stroma_fibroblastic_IC high
GGTCTCTGAATGGACT-1,stroma_fibroblastic_IC high
GGTCTGAGAATCTGGA-1,non neo epithelium
GGTGAAGTACAGGGAT-1,non neo epithelium
GGTGAGATGCAGATAA-1,epithelium&submucosa
GGTGATAAGGAGCAGT-1,epithelium&submucosa
GGTGCGGATAAGTGGC-1,non neo epithelium
GGTGCTGATCACAAAG-1,tumor&stroma_IC med to high
GGTGCTGGTACACATT-1,submucosa
GGTGGACCACGTGTTA-1,tumor&stroma_IC med to high
GGTGTTCTGTTTCTAC-1,tumor
GGTTACCACCCTCGGG-1,stroma_fibroblastic_IC high
GGTTAGCTATATGTCT-1,stroma_fibroblastic_IC high
GGTTAGGCTTGGAGAA-1,submucosa
GGTTAGTTACGGCGCC-1,tumor&stroma_IC med to high
GGTTCCACCCGCTTCT-1,tumor
GGTTCGGATTATACTA-1,tumor&stroma_IC med to high
GGTTCTACTCGTCTGA-1,tumor&stroma_IC med to high
GGTTGTGCTCTTGTCC-1,tumor&stroma_IC med to high
GGTTGTGTAGCCTGGC-1,stroma_fibroblastic_IC high
GGTTTAATTGAGCAGG-1,tumor
GGTTTACAATCTCAAT-1,epithelium&submucosa
GGTTTCAATCGGTCAG-1,non neo epithelium
GTAAGCGGGCAGTCAG-1,epithelium&submucosa
GTAAGGATTTGTCGGA-1,non neo epithelium
GTAAGTAACAGTCTGG-1,epithelium&submucosa
GTAAGTAGGGTATACC-1,epithelium&submucosa
GTAATAAAGGGCTCCC-1,tumor
GTAATCTGATTCTTCG-1,stroma_fibroblastic_IC high
GTACACTTACCTGAAG-1,epithelium&submucosa
GTACAGAGGCAAGGGT-1,epithelium&submucosa
GTACGAGATTGCGACA-1,epithelium&submucosa
GTACGCTTCATTGCAC-1,stroma_fibroblastic_IC high
GTACGTTTGCCCGTCA-1,stroma_fibroblastic_IC high
GTACTAAGATTTGGAG-1,non neo epithelium
GTACTCCCTTATCGCT-1,non neo epithelium
GTACTCCTGGGTATGC-1,tumor
GTACTGGAGTTAGACC-1,epithelium&submucosa
GTACTTGGGCACTTCT-1,epithelium&submucosa
GTAGAAACGGGTGGAG-1,tumor
GTAGACGTCGTTACAT-1,epithelium&submucosa
GTAGAGGGAGACAAGT-1,stroma_fibroblastic_IC high
GTAGCCAAACATGGGA-1,tumor&stroma_IC med to high
GTAGCGGCTATACACT-1,non neo epithelium
GTAGCTAGTAAGCGCG-1,tumor&stroma_IC med to high
GTAGCTTCCTCTTGTT-1,epithelium&submucosa
GTAGGTGATCCGTGTA-1,submucosa
GTAGTCGCGGGAATCA-1,tumor
GTATAATCTCCCGGAT-1,tumor
GTATAGGACTCAGTAG-1,epithelium&submucosa
GTATAGTGGCCCATGT-1,tumor&stroma_IC med to high
GTATCAGCTTGGGTTC-1,submucosa
GTATCTTTCATAACCA-1,stroma_fibroblastic_IC high
GTATGAAATTTCACTC-1,tumor
GTATGTGGGTCTAGTT-1,epithelium&submucosa
GTATTAAGGCGTCTAA-1,tumor&stroma_IC med to high
GTATTAGGGTTCGCGT-1,tumor&stroma_IC med to high
GTATTCTGAGAAACGA-1,non neo epithelium
GTCAAGCGGACTCGGG-1,epithelium&submucosa
GTCACCTGTCTATGTC-1,tumor
GTCACTCTCCAAATCT-1,stroma_fibroblastic_IC high
GTCAGAATAGTCTATG-1,epithelium&submucosa
GTCAGTTGTGCTCGTT-1,epithelium&submucosa
GTCAGTTTGGTAGTCG-1,tumor
GTCATGCACCTCCGTT-1,submucosa
GTCATGGACATGACTA-1,epithelium&submucosa
GTCATTAGAGCGAACG-1,epithelium&submucosa
GTCATTGCATTGACCC-1,tumor
GTCCCAACGTAAAGTA-1,epithelium&submucosa
GTCCGAGAGCAATCAT-1,tumor&stroma_IC med to high
GTCCGGCTGAATTGCG-1,epithelium&submucosa
GTCCTACAGGCGGCTC-1,tumor
GTCCTATTGTTGTGGT-1,tumor&stroma_IC med to high
GTCCTTCTACAACCCA-1,stroma_fibroblastic_IC high
GTCCTTCTAGTGGGTT-1,epithelium&submucosa
GTCCTTTAATGACTTC-1,stroma_fibroblastic_IC high
GTCGCCGTTGTGTGTT-1,stroma_fibroblastic_IC high
GTCGCGTAACCCGTTG-1,epithelium&submucosa
GTCGGATATCTCAGAC-1,epithelium&submucosa
GTCGGATGTAGCGCGC-1,epithelium&submucosa
GTCGGGAACATGGTAG-1,tumor
GTCGTACCATCTCGGG-1,stroma_fibroblastic_IC high
GTCGTACCTACGATTG-1,tumor
GTCGTATTGGCGTACA-1,exclude
GTCGTGTCTGGTCATC-1,stroma_fibroblastic_IC high
GTCGTTATTCGCTTAT-1,stroma_fibroblastic_IC high
GTCTACTCAATTACAA-1,stroma_fibroblastic_IC high
GTCTATCTGAGTTTCT-1,non neo epithelium
GTCTCGACTAAGTTTG-1,tumor
GTCTCGATCTGCTTTC-1,epithelium&submucosa
GTCTGGGCGGTCGAGA-1,non neo epithelium
GTCTTAGTACAGCCGG-1,epithelium&submucosa
GTGAAACGGCGCCACC-1,epithelium&submucosa
GTGAACTCCCATTCGA-1,tumor&stroma_IC med to high
GTGAAGATTTCAAGTG-1,tumor
GTGAAGCCGTATAGTC-1,tumor&stroma_IC med to high
GTGACCGCACACTACG-1,non neo epithelium
GTGACGAGGGTGACCC-1,tumor&stroma_IC med to high
GTGACTTCAGTAGTGC-1,epithelium&submucosa
GTGAGCGTGCTGCACT-1,stroma_fibroblastic_IC high
GTGAGGACACTTAAGG-1,non neo epithelium
GTGAGGAGCGGTTGAG-1,submucosa
GTGAGTCTAAGACGGA-1,tumor&stroma_IC med to high
GTGAGTGGTACAACGC-1,stroma_fibroblastic_IC high
GTGATCATAGATCTGC-1,epithelium&submucosa
GTGATGCACAACATCT-1,tumor
GTGATTCGCCGCTCAA-1,non neo epithelium
GTGCAACAAATGTGGC-1,submucosa
GTGCACGAAAGTGACT-1,non neo epithelium
GTGCCATCACACGGTG-1,epithelium&submucosa
GTGCCCGTTCGGATTC-1,epithelium&submucosa
GTGCCGCTTCAAAGGT-1,non neo epithelium
GTGCCTCAGTGTACGG-1,tumor&stroma_IC med to high
GTGCGAAATCGAACAC-1,non neo epithelium
GTGCGACAGGGAGTGT-1,tumor&stroma_IC med to high
GTGCGGGTCTCCAAAT-1,epithelium&submucosa
GTGCGTGTATATGAGC-1,submucosa
GTGCTCAAGTACTGTC-1,epithelium&submucosa
GTGCTGCAGATAAGGA-1,tumor&stroma_IC med to high
GTGGAACCTACATGCG-1,epithelium&submucosa
GTGGACCAACCCGATT-1,epithelium&submucosa
GTGGACGCATTTGTCC-1,exclude
GTGGACGTGCTGAGAC-1,non neo epithelium
GTGGCAAACAGCGGCA-1,tumor&stroma_IC med to high
GTGGCGGTCCCAGCGT-1,tumor&stroma_IC med to high
GTGGGAAGACTGAATC-1,tumor&stroma_IC med to high
GTGGGCTTAGACACAC-1,epithelium&submucosa
GTGGTATAGTCTGCCG-1,stroma_fibroblastic_IC high
GTGGTCAGCGAAGTAT-1,stroma_fibroblastic_IC high
GTGGTGGCCAAGTGAA-1,stroma_fibroblastic_IC high
GTGGTTACTTCTTTCG-1,tumor
GTGGTTTCCGCCTTTC-1,epithelium&submucosa
GTGTACCTTGGCTACG-1,epithelium&submucosa
GTGTCCGATAAGGCAT-1,tumor&stroma_IC med to high
GTGTCGTATAGCGTTC-1,tumor&stroma_IC med to high
GTGTGAATAACTTAGG-1,epithelium&submucosa
GTGTTACTATGCGTCC-1,epithelium&submucosa
GTTAAAGTAGGACTGG-1,tumor&stroma_IC med to high
GTTAACATCACTTAAA-1,tumor
GTTAATGTCTATCTTA-1,tumor
GTTACAATTGGTGACG-1,non neo epithelium
GTTACCTACAACTTGC-1,stroma_fibroblastic_IC high
GTTACTTTGGGCCTAG-1,non neo epithelium
GTTAGAGTGTGCCGCT-1,epithelium&submucosa
GTTAGCCGTAAATCAA-1,tumor&stroma_IC med to high
GTTATATCAGGAGCCA-1,stroma_fibroblastic_IC high
GTTATATTATCTCCCT-1,tumor&stroma_IC med to high
GTTATCACCTTCTGAA-1,submucosa
GTTATTAAATACGACC-1,tumor
GTTATTAACGTGGGAG-1,tumor
GTTCAATCTATGTCAA-1,tumor&stroma_IC med to high
GTTCACAGGAGTCTAG-1,epithelium&submucosa
GTTCATCGTTTGGCTG-1,tumor
GTTCCAGTCTGACCAT-1,epithelium&submucosa
GTTCGCCATAAGTGCC-1,tumor&stroma_IC med to high
GTTCGGGCGTACCATT-1,tumor
GTTCTTCCCTCGATGT-1,submucosa
GTTGAACCGGTTCCAT-1,submucosa
GTTGAGTCCCGCCGGT-1,stroma_fibroblastic_IC high
GTTGCACGGAGTTTCG-1,epithelium&submucosa
GTTGGATTGAGAACAC-1,epithelium&submucosa
GTTGGATTTGCGTTGG-1,submucosa
GTTGGTCATGCTATCC-1,tumor
GTTTACGTTCCATCTG-1,tumor&stroma_IC med to high
GTTTATGGGATTTAGA-1,tumor&stroma_IC med to high
GTTTCATATCGTCGCT-1,epithelium&submucosa
GTTTCCTGGAGGGTGA-1,epithelium&submucosa
GTTTCTGCAGTCTCCC-1,epithelium&submucosa
GTTTGACCAAATCCTA-1,epithelium&submucosa
GTTTGGCCCAAGTTAT-1,submucosa
GTTTGGGCTTGTGAGC-1,tumor&stroma_IC med to high
GTTTGGTAGGGTCAAC-1,tumor
TAAACCCAGGAGGGCA-1,tumor
TAAACGTCGTCAATGA-1,tumor&stroma_IC med to high
TAAAGCGTTAGGAGAA-1,epithelium&submucosa
TAAATGAATCCGTTTC-1,tumor&stroma_IC med to high
TAAATGCCGTCTCATG-1,tumor
TAACAAAGGGAGAAGC-1,non neo epithelium
TAACAATATTTGTTGC-1,tumor&stroma_IC med to high
TAACATACAATGTGGG-1,non neo epithelium
TAACCTACCGTCCGAG-1,tumor
TAACGCTTTGAGAGCG-1,stroma_fibroblastic_IC high
TAACTATCGAAGGTCC-1,epithelium&submucosa
TAACTATTACGCCAAA-1,tumor&stroma_IC med to high
TAACTCATCCGCGCGG-1,epithelium&submucosa
TAACTCCATGGAGGCT-1,stroma_fibroblastic_IC high
TAAGCAGGCGACACGC-1,tumor&stroma_IC med to high
TAAGCCCTTACGACCA-1,tumor&stroma_IC med to high
TAAGGAACTTGTGGGA-1,epithelium&submucosa
TAAGGCAACATAAGAT-1,non neo epithelium
TAAGGCTGAATCCCTC-1,stroma_fibroblastic_IC high
TAAGGGCTGGGAGAGG-1,tumor
TAAGTAAATGTGCCGC-1,tumor&stroma_IC med to high
TAAGTAACATCTTGAC-1,epithelium&submucosa
TAAGTCGCCGAGTATC-1,tumor
TAATAAACAAGGAGAT-1,submucosa
TAATACACAGTAGTAT-1,non neo epithelium
TAATAGAACAGAGTTA-1,stroma_fibroblastic_IC high
TAATAGTGACGACCAG-1,submucosa
TAATATTGAAATTCGC-1,epithelium&submucosa
TAATCGATCCGTACGT-1,epithelium&submucosa
TAATGAAAGACCCTTG-1,tumor&stroma_IC med to high
TACAACGCACAACTCA-1,epithelium&submucosa
TACAAGTCTCGTGCAT-1,stroma_fibroblastic_IC high
TACACCGTCGTTAGTC-1,tumor
TACATAGGCATACACC-1,submucosa
TACATCCCTATCCCTG-1,tumor
TACATCTTGTTTCTTG-1,exclude
TACATGACCTTATCCG-1,tumor&stroma_IC med to high
TACATTTCTAACGTGC-1,epithelium&submucosa
TACCAGAAGTAGGTTC-1,epithelium&submucosa
TACCGCGGACTTGCAG-1,submucosa
TACCGGCTCACTGCCC-1,stroma_fibroblastic_IC high
TACCGGTCGTTTCCAT-1,epithelium&submucosa
TACCGTGCCTCGGACC-1,tumor
TACCTCACGCTTGTAC-1,epithelium&submucosa
TACCTGCTGCACTGTG-1,stroma_fibroblastic_IC high
TACCTTAAGATTTCCC-1,stroma_fibroblastic_IC high
TACGAACACGACTTCA-1,epithelium&submucosa
TACGACGCTTGCTGCG-1,epithelium&submucosa
TACGACTGCCTCTTAG-1,stroma_fibroblastic_IC high
TACGAGAACTTCACGT-1,epithelium&submucosa
TACGATGTTGATCATC-1,non neo epithelium
TACGCAGTTCTTTCCT-1,non neo epithelium
TACGCCATATTCTAAT-1,submucosa
TACGCCTCCATTCCGA-1,exclude
TACGCTATAGAAACCT-1,stroma_fibroblastic_IC high
TACGGGATGCTAGCAG-1,non neo epithelium
TACGTGCACTATGCTG-1,submucosa
TACGTTTACCGGCAAT-1,epithelium&submucosa
TACTATGGTTCCTCAG-1,exclude
TACTCGGCACGCCGGG-1,tumor
TACTCTCCGAACAAAT-1,non neo epithelium
TACTCTTTCGTCTTCA-1,tumor
TACTGAACAGATTTAG-1,stroma_fibroblastic_IC high
TACTGCAATCAATTAC-1,stroma_fibroblastic_IC high
TACTGGACAGCTCGGC-1,stroma_fibroblastic_IC high
TACTTGTTAGTAGTCC-1,non neo epithelium
TACTTTACTGAGCCGG-1,non neo epithelium
TACTTTCCGCACGCCA-1,tumor
TAGAAACCACTAAGTA-1,submucosa
TAGAAAGGTGGCGCTA-1,non neo epithelium
TAGAAATTCACGTATA-1,tumor
TAGAATTAAGGGCAAC-1,non neo epithelium
TAGACGCCCGTACCGG-1,epithelium&submucosa
TAGACTACCTAGCGTT-1,tumor
TAGAGATCATGCAACT-1,stroma_fibroblastic_IC high
TAGAGTCTAAGCGAAC-1,epithelium&submucosa
TAGATATGGACTGGAA-1,submucosa
TAGATCCGAAGTCGCA-1,epithelium&submucosa
TAGATTCCTGGTTATT-1,tumor
TAGCAACCTGTCACAA-1,stroma_fibroblastic_IC high
TAGCCATTTCAAAGTC-1,epithelium&submucosa
TAGCCGGCGGTCAGCG-1,epithelium&submucosa
TAGCGTCCGGTGTGGT-1,tumor
TAGCGTCGAATATTGA-1,tumor&stroma_IC med to high
TAGCGTTGGGTCTTAC-1,epithelium&submucosa
TAGCTAAGTCCGGGAG-1,epithelium&submucosa
TAGCTAGAAGGCATGA-1,exclude
TAGCTCGCCTGATAAC-1,tumor&stroma_IC med to high
TAGCTGATGTGAAGCG-1,exclude
TAGGAACAGCCTCCAG-1,stroma_fibroblastic_IC high
TAGGCATGTTACGCCA-1,non neo epithelium
TAGGGAGCTTGGGATG-1,submucosa
TAGGGTGTTTCAAGAG-1,epithelium&submucosa
TAGGTCCAAGTAAGGA-1,stroma_fibroblastic_IC high
TAGGTCGCCGGAACTG-1,tumor
TAGGTGAGCCCTACTC-1,epithelium&submucosa
TAGGTGCTCGCCTAGC-1,non neo epithelium
TAGGTTCGAGTTCGTC-1,epithelium&submucosa
TAGTACCTTAGTGGTC-1,tumor&stroma_IC med to high
TAGTCCGCAGAGAATG-1,submucosa
TAGTCCGTATGCATAA-1,tumor&stroma_IC med to high
TAGTCTAACAACGAGA-1,non neo epithelium
TAGTCTGTGACGTTGC-1,stroma_fibroblastic_IC high
TAGTGCCCTCCAGAGT-1,epithelium&submucosa
TAGTGGAACTCATACA-1,tumor
TAGTGTCAGAAACGGC-1,stroma_fibroblastic_IC high
TAGTTAAGATAGGATA-1,submucosa
TATAAATCCACAAGCT-1,epithelium&submucosa
TATAAGTGAGGATAGC-1,non neo epithelium
TATACACAGACGCCTT-1,tumor&stroma_IC med to high
TATACACGCAAAGTAT-1,submucosa
TATACTCATGCGGCAA-1,tumor&stroma_IC med to high
TATAGATGGTCGCAGT-1,tumor&stroma_IC med to high
TATAGCGCACGTTATC-1,tumor
TATAGGGTACTCATGA-1,stroma_fibroblastic_IC high
TATATCATTGATCAGT-1,exclude
TATATCCCTGGGAGGA-1,stroma_fibroblastic_IC high
TATATGCTGGGTTGCC-1,tumor
TATATTCGCGTCGATA-1,epithelium&submucosa
TATCAAAGGTCTGTAA-1,tumor&stroma_IC med to high
TATCACAGCACGGGCA-1,submucosa
TATCACCATGTAAAGT-1,tumor&stroma_IC med to high
TATCACCCAACCGACC-1,stroma_fibroblastic_IC high
TATCCATATCATGCGA-1,epithelium&submucosa
TATCCTGCATGGGAAT-1,exclude
TATCGATCTATGCATA-1,non neo epithelium
TATCGATGATTAAACG-1,non neo epithelium
TATCTACAGAGGTAAT-1,tumor&stroma_IC med to high
TATCTACCACAGCGGG-1,stroma_fibroblastic_IC high
TATCTAGCCTAAAGGA-1,tumor&stroma_IC med to high
TATGAAGACAGGTGCG-1,stroma_fibroblastic_IC high
TATGATCCGGCACGCC-1,tumor&stroma_IC med to high
TATGCTCCCTACTTAC-1,epithelium&submucosa
TATGGATGTGCTACGC-1,epithelium&submucosa
TATGGCCCGGCCTCGC-1,epithelium&submucosa
TATGGGACCGAGCAGG-1,epithelium&submucosa
TATGGGTACGTATCGT-1,epithelium&submucosa
TATGGTCTGAGTAACA-1,epithelium&submucosa
TATGGTTAGTGGGAGA-1,tumor&stroma_IC med to high
TATGTCAAGACCGACT-1,epithelium&submucosa
TATGTCTCATTGTGCC-1,submucosa
TATTAACCTGACCGCG-1,tumor
TATTACCATCCTGCTT-1,submucosa
TATTCAATTCTAATCC-1,epithelium&submucosa
TATTCCACTCAGCTCG-1,submucosa
TATTCCGGCAGTCCTA-1,submucosa
TATTCCTCCGCCCACT-1,stroma_fibroblastic_IC high
TATTCGTGCCAGAATA-1,epithelium&submucosa
TATTTAGTCTAGATCG-1,non neo epithelium
TATTTATACCGAGTAG-1,epithelium&submucosa
TATTTGTTACCCTTTA-1,epithelium&submucosa
TCAAACAACCGCGTCG-1,epithelium&submucosa
TCAAACTTAGATTGTT-1,non neo epithelium
TCAACAAAGATAATTC-1,tumor
TCAACATAGCGCCCTA-1,tumor&stroma_IC med to high
TCAACATCGACCGAGA-1,stroma_fibroblastic_IC high
TCAACCATGTTCGGGC-1,submucosa
TCAACGAGGAGACAAA-1,stroma_fibroblastic_IC high
TCAACGCAGGAAATAA-1,stroma_fibroblastic_IC high
TCAACGCGACCGGCAG-1,stroma_fibroblastic_IC high
TCAACTAACGTATAAC-1,tumor
TCAAGAAATACTAGCT-1,tumor
TCACAGCAAACTCGAA-1,exclude
TCACAGGAGAATAAGA-1,stroma_fibroblastic_IC high
TCACAGGGAATCGCAA-1,tumor
TCACAGGTTATTGGGC-1,submucosa
TCACATCTTATCTGAT-1,tumor&stroma_IC med to high
TCACCCTCTTAAGATT-1,epithelium&submucosa
TCACCGCTCGGCACTC-1,epithelium&submucosa
TCACGATGTCCGTGGA-1,tumor&stroma_IC med to high
TCACGCATTGTAGATC-1,tumor
TCACGGTCATCGCACA-1,epithelium&submucosa
TCACGTGCCCGATTCA-1,submucosa
TCACTACGACCAATGC-1,tumor
TCACTCTTCGTCTGTC-1,tumor&stroma_IC med to high
TCAGAACCTCCACAGG-1,stroma_fibroblastic_IC high
TCAGACGCTATAGAAG-1,stroma_fibroblastic_IC high
TCAGCAAATGCATCTC-1,epithelium&submucosa
TCAGGGCGACTTCCTT-1,tumor
TCAGGGCGCAAACTCG-1,tumor
TCAGGGTGCACGAAAC-1,tumor&stroma_IC med to high
TCAGGGTGTAACGTAA-1,non neo epithelium
TCAGGTTCTTTGAGAA-1,epithelium&submucosa
TCAGTACTGACCCGCG-1,tumor&stroma_IC med to high
TCAGTAGGGACTATAA-1,exclude
TCAGTTACGGAATGAT-1,tumor&stroma_IC med to high
TCATACTTACAGATCC-1,stroma_fibroblastic_IC high
TCATCACTCGAGCTCG-1,non neo epithelium
TCATGCAGGTTCTCAT-1,submucosa
TCATTTAAGTCTCCGA-1,stroma_fibroblastic_IC high
TCCAACTTTAAATTCT-1,non neo epithelium
TCCACAATGGTTTACG-1,non neo epithelium
TCCACTTTATCTAGGT-1,epithelium&submucosa
TCCAGAGCACCGGTTC-1,epithelium&submucosa
TCCAGATGTACGCCAA-1,tumor&stroma_IC med to high
TCCAGGCGAGTACGGT-1,epithelium&submucosa
TCCATTGTGACCTCGT-1,epithelium&submucosa
TCCCAAACAGACAACG-1,stroma_fibroblastic_IC high
TCCCAAAGACGAAGGA-1,epithelium&submucosa
TCCCACTCTCTTCCGG-1,tumor&stroma_IC med to high
TCCCAGCTTTAGTCTG-1,epithelium&submucosa
TCCCAGGCTTAGCTAA-1,epithelium&submucosa
TCCCGCGTACTCCTGG-1,epithelium&submucosa
TCCCGGGTGTGCTGCT-1,submucosa
TCCCGTCAGTCCCGCA-1,epithelium&submucosa
TCCCGTCGCGTCATAG-1,tumor&stroma_IC med to high
TCCCGTGTGCAATTTG-1,stroma_fibroblastic_IC high
TCCCTAGATCAATAGG-1,tumor&stroma_IC med to high
TCCCTGGCTCGCTGGA-1,stroma_fibroblastic_IC high
TCCCTTAGATTACTCG-1,epithelium&submucosa
TCCGAACTTGGCTTAC-1,tumor
TCCGAATGGTCCTGAG-1,stroma_fibroblastic_IC high
TCCGATAATTGCCATA-1,epithelium&submucosa
TCCGATGACTGAGCTC-1,epithelium&submucosa
TCCGATGGTGCGACAT-1,non neo epithelium
TCCGATTACATTGCCG-1,epithelium&submucosa
TCCGCCTGTCTACAAG-1,tumor
TCCGCGGCAGCATCTG-1,epithelium&submucosa
TCCGCTGTCATCCCGG-1,tumor&stroma_IC med to high
TCCGCTTATCCCATTA-1,tumor&stroma_IC med to high
TCCGGCCTAGCGTACA-1,submucosa
TCCGGCCTGCATCGAT-1,tumor
TCCGGTTCGTCCGGTC-1,exclude
TCCGTAACCACAATCC-1,tumor&stroma_IC med to high
TCCGTTTAGCCTTGAA-1,non neo epithelium
TCCTAAATTGGGAAGC-1,exclude
TCCTACATCCACGGCC-1,epithelium&submucosa
TCCTAGCAAAGAAGCT-1,epithelium&submucosa
TCCTCCTAAGACATTC-1,tumor&stroma_IC med to high
TCCTCGGGCTGGGCTT-1,epithelium&submucosa
TCCTCTACGAGATGGC-1,tumor&stroma_IC med to high
TCCTCTCCAGTTGTCC-1,tumor
TCCTCTGGCCCATTAG-1,non neo epithelium
TCCTGCCAACTGGAGA-1,stroma_fibroblastic_IC high
TCCTGCGTTGATACTC-1,epithelium&submucosa
TCCTTCAGTGGTCGAA-1,epithelium&submucosa
TCCTTTCTTACGCTTA-1,non neo epithelium
TCGAAATTTAGGACCA-1,epithelium&submucosa
TCGAAGAACCGAGCAC-1,tumor&stroma_IC med to high
TCGAGACCAACACCGT-1,epithelium&submucosa
TCGCAAAGATGCATTT-1,stroma_fibroblastic_IC high
TCGCACCAGGAGGCAG-1,stroma_fibroblastic_IC high
TCGCCCAACTGACTCC-1,tumor&stroma_IC med to high
TCGCCGAAGTTGCGTC-1,epithelium&submucosa
TCGCCGCACCGCGTGA-1,tumor
TCGCCGGATGGGCAAG-1,tumor
TCGCCGGTCGATCCGT-1,exclude
TCGCGTCCAGAAGGTC-1,stroma_fibroblastic_IC high
TCGCTAAACCGCTATC-1,epithelium&submucosa
TCGCTCGATATATTCC-1,submucosa
TCGCTCGGCACCAGCG-1,tumor
TCGCTGGGCGGATTGT-1,non neo epithelium
TCGCTGTGCGTAAATC-1,epithelium&submucosa
TCGCTTTAAACGTTTG-1,epithelium&submucosa
TCGGAATGACCATCAA-1,non neo epithelium
TCGGAATGCGCTCTGA-1,stroma_fibroblastic_IC high
TCGGACGCCCAGCCCA-1,epithelium&submucosa
TCGGAGAGTATCGGGA-1,stroma_fibroblastic_IC high
TCGGAGTACATGAGTA-1,non neo epithelium
TCGGCGTACTGCACAA-1,stroma_fibroblastic_IC high
TCGGCTAACTTCCCTT-1,tumor
TCGGGAACGTGCCTAG-1,tumor
TCGGGATTCAAACATA-1,tumor
TCGGGCCGTCGTGGTA-1,epithelium&submucosa
TCGGTCCCTGACTCCA-1,stroma_fibroblastic_IC high
TCGGTTAGCCATGTAG-1,tumor
TCGTAAGACGACATTG-1,non neo epithelium
TCGTATTACCCATTGC-1,epithelium&submucosa
TCGTATTTCGTCCGGA-1,stroma_fibroblastic_IC high
TCGTCACACTGTTAGC-1,stroma_fibroblastic_IC high
TCGTCCGCTGGCGTCT-1,epithelium&submucosa
TCGTGTACTATGGATG-1,tumor
TCGTGTCACGCTGACA-1,stroma_fibroblastic_IC high
TCGTTAGGAGTCCCTA-1,stroma_fibroblastic_IC high
TCGTTGCTATCCGGTC-1,stroma_fibroblastic_IC high
TCTAACTGTATGTAAA-1,tumor&stroma_IC med to high
TCTACACGTTCATGCA-1,tumor&stroma_IC med to high
TCTACCGTCCACAAGC-1,epithelium&submucosa
TCTAGCAATCTCCGCC-1,epithelium&submucosa
TCTAGCATCTTCGATG-1,epithelium&submucosa
TCTAGCATGCCCAGAA-1,stroma_fibroblastic_IC high
TCTAGGTGGCGACGCT-1,submucosa
TCTAGTGATATCGTGG-1,tumor
TCTAGTTATCAGAAGA-1,epithelium&submucosa
TCTATCATGCAGTTAC-1,epithelium&submucosa
TCTATCGGTCGCAACA-1,non neo epithelium
TCTATTACGCTGGCGA-1,epithelium&submucosa
TCTATTACTAGAGGAT-1,tumor
TCTCATGAGATAGGGT-1,stroma_fibroblastic_IC high
TCTCCAACGTAGGTTA-1,non neo epithelium
TCTCGAACGAGGTCAC-1,tumor
TCTCGTGTTACGAGGA-1,tumor
TCTCTAATAGCTGGTA-1,epithelium&submucosa
TCTGAACCGGTCGGCT-1,non neo epithelium
TCTGAACTCGTACCCG-1,stroma_fibroblastic_IC high
TCTGAATTCCGTACAA-1,submucosa
TCTGACGGGCTAACCC-1,tumor&stroma_IC med to high
TCTGATGTATTCTGTC-1,stroma_fibroblastic_IC high
TCTGCAGATTCGAGTC-1,tumor
TCTGCCAGAAACTGCA-1,submucosa
TCTGGCGCAAGCCGGG-1,tumor&stroma_IC med to high
TCTGGGAACCTTTGAA-1,stroma_fibroblastic_IC high
TCTGGGTAGCGCTCAT-1,non neo epithelium
TCTGTGCCATCATAGT-1,epithelium&submucosa
TCTGTTACCCAGCATA-1,tumor&stroma_IC med to high
TCTTACCGGAACTCGT-1,submucosa
TCTTACGGCATCCGAC-1,stroma_fibroblastic_IC high
TCTTACTTATGCCTCT-1,stroma_fibroblastic_IC high
TCTTAGAGCTCCAATT-1,tumor
TCTTAGAGTGAACTCT-1,tumor
TCTTCCCATGGGCACA-1,epithelium&submucosa
TCTTCGAATAGACGTT-1,epithelium&submucosa
TCTTCGATACCAATAA-1,epithelium&submucosa
TCTTGATGCGTAGCGA-1,non neo epithelium
TCTTGGTAACACCAAA-1,exclude
TCTTTAAGACTATGAA-1,submucosa
TCTTTAGCAGGCGAAC-1,tumor
TCTTTCTCTTAAGGAG-1,epithelium&submucosa
TGAAACTTATGCAAGC-1,submucosa
TGAAAGGACCTGACTC-1,epithelium&submucosa
TGAAGAGCGGTCCTAG-1,exclude
TGAAGTAGCTTACGGA-1,tumor&stroma_IC med to high
TGAATTTCACTTGCCT-1,stroma_fibroblastic_IC high
TGACATCGAGCGGACC-1,stroma_fibroblastic_IC high
TGACCAGCTTCAAAGT-1,stroma_fibroblastic_IC high
TGACCCACGTTAGACA-1,tumor
TGACCCAGCATTCCCG-1,tumor
TGACGAATATTTCCCT-1,stroma_fibroblastic_IC high
TGACGATGCACTAGAA-1,submucosa
TGACTATAATCCTTTC-1,stroma_fibroblastic_IC high
TGAGAATGCTTTACCG-1,non neo epithelium
TGAGACGTACCTCTCA-1,tumor&stroma_IC med to high
TGAGAGATTTACCACG-1,epithelium&submucosa
TGAGATCAAATACTCA-1,epithelium&submucosa
TGAGCCATACAGTCTC-1,submucosa
TGAGCGGAAAGTGTTC-1,exclude
TGAGCTTTAATGACGC-1,epithelium&submucosa
TGAGTAAATTAGCGTA-1,tumor&stroma_IC med to high
TGAGTGCCTCTTAAAT-1,non neo epithelium
TGAGTGGTCCGTGACG-1,epithelium&submucosa
TGATACATTTAGCCGT-1,tumor
TGATAGCGGGATTCTA-1,tumor&stroma_IC med to high
TGATCAGGGAACTGCT-1,epithelium&submucosa
TGATCCCAGCATTAGT-1,tumor&stroma_IC med to high
TGATCGGTTTGACCCT-1,epithelium&submucosa
TGATCTCCGGCGCCAG-1,epithelium&submucosa
TGATGGCTGTTTCTGA-1,stroma_fibroblastic_IC high
TGATTCAGGTCCCGCG-1,tumor
TGATTCGTCTATCACT-1,non neo epithelium
TGATTCTGTCGCCGGT-1,epithelium&submucosa
TGATTTATTAGCTGTG-1,submucosa
TGATTTCCTCCTGACG-1,epithelium&submucosa
TGCAAGAATGACGTAA-1,epithelium&submucosa
TGCACAGTGAAGTTAT-1,tumor&stroma_IC med to high
TGCACGAGTCGGCAGC-1,epithelium&submucosa
TGCACTATGTGAGTGC-1,tumor
TGCAGAACTATATCGT-1,stroma_fibroblastic_IC high
TGCAGAGTACCGAGCA-1,non neo epithelium
TGCAGATCGTCCTAGG-1,tumor&stroma_IC med to high
TGCAGCTACGTACTTC-1,stroma_fibroblastic_IC high
TGCAGGATCGGCAAAG-1,submucosa
TGCAGTTTCCTCCCAT-1,epithelium&submucosa
TGCATATGTCTGTCAC-1,epithelium&submucosa
TGCATGGATCGGATCT-1,submucosa
TGCATGTGGTAATCTA-1,epithelium&submucosa
TGCCAAAGTCAGACTT-1,stroma_fibroblastic_IC high
TGCCAATGGGTACTCT-1,exclude
TGCCACCTGGCGAAAC-1,epithelium&submucosa
TGCCAGTACGTGGAGA-1,tumor&stroma_IC med to high
TGCCATGGCTTATAAG-1,tumor
TGCCATTACTAAAGAA-1,epithelium&submucosa
TGCCCGTACCGTTAAA-1,stroma_fibroblastic_IC high
TGCCGAAAGCGTATTC-1,tumor&stroma_IC med to high
TGCCGTGGATCGTCCT-1,exclude
TGCCTGATCAAACGAT-1,epithelium&submucosa
TGCGAATATGGGATTT-1,tumor&stroma_IC med to high
TGCGACACCCTAGTGC-1,non neo epithelium
TGCGAGAATATTACCC-1,epithelium&submucosa
TGCGAGCCCTTCCGCG-1,tumor&stroma_IC med to high
TGCGATGCTAATGGCT-1,stroma_fibroblastic_IC high
TGCGCAAAGCATTTGG-1,non neo epithelium
TGCGCGATTAACGGAG-1,epithelium&submucosa
TGCGGAGTAAAGGTGC-1,non neo epithelium
TGCGTAAGAACCTGAT-1,epithelium&submucosa
TGCGTCATGACTGAGC-1,exclude
TGCGTTTGTTGACACT-1,epithelium&submucosa
TGCTCCACAGTTCTTA-1,stroma_fibroblastic_IC high
TGCTGGTTGGACAATT-1,epithelium&submucosa
TGCTGTTGAAGAACTC-1,submucosa
TGGAACCACTGACACA-1,stroma_fibroblastic_IC high
TGGAAGAAGGGAACGT-1,epithelium&submucosa
TGGAAGGATAAAGATG-1,non neo epithelium
TGGAATATCCTTGACC-1,tumor&stroma_IC med to high
TGGAATTAGACGCTTT-1,tumor&stroma_IC med to high
TGGACACCGTTGCTTG-1,tumor
TGGACTGTTCGCTCAA-1,epithelium&submucosa
TGGAGCTAAAGTTCCC-1,submucosa
TGGAGTGATGCGATGA-1,epithelium&submucosa
TGGCAAACTAAATTAC-1,stroma_fibroblastic_IC high
TGGCAACTCGCGCGCC-1,submucosa
TGGCACGAGCTCGAGT-1,tumor&stroma_IC med to high
TGGCAGATTACGATCA-1,stroma_fibroblastic_IC high
TGGCAGCAGTAATAGT-1,non neo epithelium
TGGCCAAACTGAAGTA-1,epithelium&submucosa
TGGCCAATTTGGTACT-1,stroma_fibroblastic_IC high
TGGCCGTATATTGACC-1,epithelium&submucosa
TGGCGACTGCTCCAAA-1,epithelium&submucosa
TGGCGATCAAGTTATG-1,exclude
TGGCTCTTGTCGCGTA-1,stroma_fibroblastic_IC high
TGGCTTTGGGTAGACA-1,epithelium&submucosa
TGGGAAATGCCTTTCC-1,tumor&stroma_IC med to high
TGGGATGCACTCATTC-1,tumor&stroma_IC med to high
TGGGCACGTTCTATGG-1,submucosa
TGGGCCACAAGAGCGC-1,epithelium&submucosa
TGGGCCCATACTAATT-1,stroma_fibroblastic_IC high
TGGGTAAGGTTCCCGC-1,epithelium&submucosa
TGGTAAGCAGGATTGA-1,tumor
TGGTATCGCATCCCAA-1,epithelium&submucosa
TGGTATCGGTCTGTAT-1,non neo epithelium
TGGTCCCACGCTACGG-1,exclude
TGGTCGTGCAAGGCAA-1,stroma_fibroblastic_IC high
TGGTCTAGCTTACATG-1,tumor
TGGTCTGTTGGGCGTA-1,submucosa
TGGTGATCGTATTTGT-1,tumor&stroma_IC med to high
TGGTTAAGGGCGCTGG-1,stroma_fibroblastic_IC high
TGGTTCAACGGGTAAT-1,tumor&stroma_IC med to high
TGGTTCGTAGCAAAGG-1,epithelium&submucosa
TGGTTGGAGGATCCTG-1,stroma_fibroblastic_IC high
TGGTTTAAACGTGGGT-1,tumor&stroma_IC med to high
TGTAATGACCACAATA-1,tumor
TGTACGAACAAATCCG-1,epithelium&submucosa
TGTAGGAGAAATTTCC-1,epithelium&submucosa
TGTAGTGATCTATAAT-1,submucosa
TGTATAACAGATCCTG-1,epithelium&submucosa
TGTATGGCGCAGACAG-1,stroma_fibroblastic_IC high
TGTATTTACCTAATGC-1,tumor
TGTCATTTGTTGGGAA-1,tumor&stroma_IC med to high
TGTCCGTGGCGCCTTT-1,stroma_fibroblastic_IC high
TGTCCTAAGTCACCGC-1,epithelium&submucosa
TGTGACTACGCCAGTC-1,epithelium&submucosa
TGTGCTTTACGTAAGA-1,tumor&stroma_IC med to high
TGTGGCAAAGCGTATG-1,epithelium&submucosa
TGTGTCGCGAGTTGCA-1,non neo epithelium
TGTGTTCGTATCCAAG-1,tumor
TGTTATTGTATGTGGC-1,epithelium&submucosa
TGTTCATAAATGTGCT-1,tumor
TGTTCCGCTTCCATGA-1,non neo epithelium
TGTTCGTATTGCGGTG-1,tumor&stroma_IC med to high
TGTTCTTCCATTGACT-1,non neo epithelium
TGTTGTCAAGAAGTCT-1,epithelium&submucosa
TGTTTAATACTTCATC-1,submucosa
TGTTTCGGTACTTCTC-1,non neo epithelium
TTAAACCTGGTTCCTT-1,tumor&stroma_IC med to high
TTAAACTCGAATTCAT-1,epithelium&submucosa
TTAACACCTCGAACAT-1,stroma_fibroblastic_IC high
TTAACCAACCCTCCCT-1,epithelium&submucosa
TTAACGAACAAGCAGT-1,tumor
TTAACGTTAAAGCCTG-1,tumor&stroma_IC med to high
TTAACTCACGCGTGGA-1,tumor&stroma_IC med to high
TTAACTTCAGGTAGGA-1,tumor
TTAAGACGAACGAACC-1,tumor&stroma_IC med to high
TTAAGATAGGATTGAC-1,tumor
TTAAGCCGACAACTTC-1,epithelium&submucosa
TTAAGCGCCTGACCCA-1,non neo epithelium
TTAATCAGTACGTCAG-1,epithelium&submucosa
TTAATGCGAGGTAACT-1,tumor&stroma_IC med to high
TTAATGTAGACCAGGT-1,epithelium&submucosa
TTAATTTCAGACGCGG-1,epithelium&submucosa
TTACAACTACGCATCC-1,non neo epithelium
TTACAGACCTAAATGA-1,epithelium&submucosa
TTACATCGTGGCCTGG-1,epithelium&submucosa
TTACATGCCACAACTA-1,tumor&stroma_IC med to high
TTACCATTGATTACCC-1,non neo epithelium
TTACCCATTGCCGGGT-1,epithelium&submucosa
TTACCCTAACAGTCCT-1,stroma_fibroblastic_IC high
TTACGGATGGTTCGAG-1,submucosa
TTACGTAGCGCGTGCT-1,tumor&stroma_IC med to high
TTACTAAAGGACTTTA-1,stroma_fibroblastic_IC high
TTACTATCGGCTTCTC-1,tumor
TTACTCCGGCCGGGAA-1,epithelium&submucosa
TTACTCTGGTACGTAC-1,epithelium&submucosa
TTACTGGGATATTTCA-1,exclude
TTACTGTTTCTCTACG-1,tumor
TTAGAAGAACATGACT-1,tumor&stroma_IC med to high
TTAGACACGATCGTTG-1,non neo epithelium
TTAGACGAGTCACCTC-1,tumor&stroma_IC med to high
TTAGAGTTTAGAAGGA-1,epithelium&submucosa
TTAGCAACATGGATGT-1,stroma_fibroblastic_IC high
TTAGCTAATACGATCT-1,stroma_fibroblastic_IC high
TTAGCTCTGTAATCCG-1,tumor&stroma_IC med to high
TTAGCTGATTTGCCGT-1,submucosa
TTAGTAGGGCGGCGGG-1,stroma_fibroblastic_IC high
TTAGTTATTCGTGGCA-1,stroma_fibroblastic_IC high
TTAGTTCAAGTGTTCG-1,tumor&stroma_IC med to high
TTATAGTCCAAGGTGC-1,stroma_fibroblastic_IC high
TTATATACGCTGTCAC-1,epithelium&submucosa
TTATATTTGGCAATCC-1,submucosa
TTATCCGGGATCTATA-1,stroma_fibroblastic_IC high
TTATCCTCAAGGAATA-1,exclude
TTATCGCCTGCGAAGC-1,tumor&stroma_IC med to high
TTATCTGACATTAGGA-1,tumor
TTATCTGTATCATAAC-1,non neo epithelium
TTATGAATGAAAGGGA-1,stroma_fibroblastic_IC high
TTATGACAAACTGGAT-1,submucosa
TTATGATCTTAACGAA-1,non neo epithelium
TTATGTTTGCGATAGA-1,stroma_fibroblastic_IC high
TTATTAGAGCGTGTTC-1,stroma_fibroblastic_IC high
TTATTAGGGAAGCATC-1,non neo epithelium
TTCAAAGTCTCTAGCC-1,epithelium&submucosa
TTCAACGACCCGACCG-1,epithelium&submucosa
TTCAAGCCGAGCTGAG-1,non neo epithelium
TTCAATACTCTGAATC-1,epithelium&submucosa
TTCAATTAGCCATAAT-1,submucosa
TTCACGAAAGGATCAC-1,epithelium&submucosa
TTCACTCGAGCACCTA-1,exclude
TTCAGCCCTGGTCCAC-1,stroma_fibroblastic_IC high
TTCAGGCGTCAAAGCC-1,stroma_fibroblastic_IC high
TTCAGTTTGTGGCAGC-1,stroma_fibroblastic_IC high
TTCATAGGGTGTCCAT-1,exclude
TTCATGGCGCAACAGG-1,epithelium&submucosa
TTCCAATCAGAGCTAG-1,epithelium&submucosa
TTCCAATCTGGCTATC-1,epithelium&submucosa
TTCCACACAGATTTGA-1,stroma_fibroblastic_IC high
TTCCAGACGAGATTTA-1,tumor
TTCCCGGCGCCAATAG-1,tumor
TTCCGCAGAGAAATAT-1,stroma_fibroblastic_IC high
TTCCGCGTGAGGCGAT-1,stroma_fibroblastic_IC high
TTCCGGCCTTGAGGCT-1,tumor&stroma_IC med to high
TTCCGGTTACCCACTT-1,epithelium&submucosa
TTCCTCGAGGGTGTCT-1,epithelium&submucosa
TTCCTCGGACTAACCA-1,stroma_fibroblastic_IC high
TTCCTCTGCCCGAATA-1,tumor&stroma_IC med to high
TTCGACAGAGCCCGTG-1,tumor&stroma_IC med to high
TTCGACGGGAAGGGCG-1,non neo epithelium
TTCGCACTCGCGTGCT-1,epithelium&submucosa
TTCGCTATCTGACGTG-1,stroma_fibroblastic_IC high
TTCGGACTGATGCCTT-1,stroma_fibroblastic_IC high
TTCGGCAACCCGCTGA-1,non neo epithelium
TTCGGCTAGAGATGGT-1,stroma_fibroblastic_IC high
TTCGGGACTAATCGCG-1,epithelium&submucosa
TTCGTAATCCCAGCGG-1,submucosa
TTCGTACTCCAGAACG-1,stroma_fibroblastic_IC high
TTCGTTCAACGAAGTT-1,stroma_fibroblastic_IC high
TTCTAACCGAAGCTTA-1,epithelium&submucosa
TTCTACTTGCGAGGGC-1,submucosa
TTCTAGGCCAATTGTG-1,epithelium&submucosa
TTCTGCCGCGCCTAGA-1,tumor&stroma_IC med to high
TTCTGCGAGCGCCCTT-1,tumor
TTCTGCGGGTTAGCGG-1,epithelium&submucosa
TTCTGCTAGACTCCAA-1,stroma_fibroblastic_IC high
TTCTGTTTCCTGTCGC-1,stroma_fibroblastic_IC high
TTCTTAGTGAACGGTG-1,epithelium&submucosa
TTCTTAGTGGCTCAGA-1,non neo epithelium
TTCTTCCCTTTGATAT-1,tumor
TTCTTGAGCCGCGCTA-1,non neo epithelium
TTCTTGGACGATCTGC-1,tumor
TTCTTGGAGTAATGAG-1,epithelium&submucosa
TTCTTGTAACCTAATG-1,epithelium&submucosa
TTCTTGTGTCCATCAG-1,tumor
TTCTTTGGTCGCGACG-1,tumor
TTGAACGAATCCTTTG-1,tumor&stroma_IC med to high
TTGAAGAATTCCCAGG-1,submucosa
TTGAATATGGACTTTC-1,epithelium&submucosa
TTGAATCGTTGTATAA-1,exclude
TTGAATTCACGTGAGG-1,stroma_fibroblastic_IC high
TTGACATGAACGTGGA-1,exclude
TTGACCATGTTCTCCG-1,epithelium&submucosa
TTGACCGTGTTAATGA-1,stroma_fibroblastic_IC high
TTGACGCTCCATGAGC-1,tumor&stroma_IC med to high
TTGACTACCATATGGT-1,epithelium&submucosa
TTGAGAGTACTGCTAA-1,epithelium&submucosa
TTGAGGCATTTAACTC-1,tumor&stroma_IC med to high
TTGATAGTCAATACAT-1,tumor&stroma_IC med to high
TTGATCTAACTTTGTC-1,epithelium&submucosa
TTGATGTGTAGTCCCG-1,submucosa
TTGATTAGCTGTTTCT-1,stroma_fibroblastic_IC high
TTGATTATGCAGATGA-1,tumor&stroma_IC med to high
TTGCACAATTCAGAAA-1,stroma_fibroblastic_IC high
TTGCACGGAGCAGCAC-1,non neo epithelium
TTGCATGCTGATCACG-1,epithelium&submucosa
TTGCCATAGCCCGCTC-1,tumor
TTGCCCTGATCACGGG-1,submucosa
TTGCCGGTGATCCCTC-1,tumor&stroma_IC med to high
TTGCGCTCTCTCGCTT-1,tumor&stroma_IC med to high
TTGCGGCATCAGAAAG-1,stroma_fibroblastic_IC high
TTGCGGCGACTCATGC-1,tumor&stroma_IC med to high
TTGCGTAGTTTGAGGA-1,tumor&stroma_IC med to high
TTGCGTCGGCCAACCG-1,tumor
TTGCTCCCATACCGGA-1,epithelium&submucosa
TTGCTGAAGGAACCAC-1,epithelium&submucosa
TTGCTGATCATGTTCG-1,epithelium&submucosa
TTGCTGCACCTATCCA-1,stroma_fibroblastic_IC high
TTGCTGGCCGGGCTTC-1,epithelium&submucosa
TTGGAAGAATACAGTC-1,tumor
TTGGACATGTGGCTTA-1,submucosa
TTGGATATCGTCTACG-1,epithelium&submucosa
TTGGATTGGGTACCAC-1,epithelium&submucosa
TTGGCCATCTTGCGCT-1,tumor
TTGGCCTAGAATTTCG-1,epithelium&submucosa
TTGGCTCGCATGAGAC-1,epithelium&submucosa
TTGGGACACTGCCCGC-1,epithelium&submucosa
TTGGGCGGCGGTTGCC-1,epithelium&submucosa
TTGGTATGGCTTGTGT-1,tumor
TTGGTCACACTCGTAA-1,epithelium&submucosa
TTGGTTGCGGTGCGCG-1,exclude
TTGTAAGGACCTAAGT-1,submucosa
TTGTAAGGCCAGTTGG-1,epithelium&submucosa
TTGTAATCCGTACTCG-1,non neo epithelium
TTGTATCACACAGAAT-1,epithelium&submucosa
TTGTCGTTCAGTTACC-1,non neo epithelium
TTGTGAGGCATGACGC-1,stroma_fibroblastic_IC high
TTGTGGCCCTGACAGT-1,epithelium&submucosa
TTGTGGTAGGAGGGAT-1,stroma_fibroblastic_IC high
TTGTGTTTCCCGAAAG-1,tumor&stroma_IC med to high
TTGTTAGCAAATTCGA-1,non neo epithelium
TTGTTCAGTGTGCTAC-1,epithelium&submucosa
TTGTTCTAGATACGCT-1,tumor&stroma_IC med to high
TTGTTGTGTGTCAAGA-1,non neo epithelium
TTGTTTCACATCCAGG-1,tumor
TTGTTTCCATACAACT-1,stroma_fibroblastic_IC high
